Workbook

Sheet Feuil12
A1: Country | B1: Terres_ag | C1: Superf_urbaine | D1: Retr_eau | E1: Stress_hydrique | F1: CO2_hab | G1: Elect_renouv | H1: Accès_élect | I1: Hauteur_précip | J1: PIB_hab
A2: Angola | B2: 36.8107804604155 | C2: 2991.3469865533 | D2: 0.7057 | E2: 1.8718833 | F2: 0.59274297 | G2: 53.174928 | H2: 48.223854 | I2: 1010 | J2: 3000.4442
A3: Albanie | B3: 42.538503649635 | C3: 827.69395654173 | D3: 0.786 | E3: 4.7235577 | F3: 1.5445501 | G3: 100 | H3: 100 | I3: 1485 | J3: 6810.114
A4: Émirats arabes unis | B4: 5.48859476203886 | C4: 2263.10504571 | D4: 2.381 | E4: 1587.3333 | F4: 20.252272 | G4: 0.23240111 | H4: 100 | I4: 78 | J4: 53707.98
A5: Arménie | B5: 58.8689848963822 | C5: 922.33502653 | D5: 2.83 | E5: 57.090982 | F5: 2.4046838 | G5: 28.336966 | H5: 100 | I5: 562 | J5: 7018.0515
A6: Australie | B6: 46.2524798427461 | C6: 11945.986036946 | D6: 8.64 | E6: 3.4740651 | F6: 14.776137 | G6: 13.637841 | H6: 100 | I6: 534 | J6: 65099.846
A7: Autriche | B7: 31.5398133785749 | C7: 2973.712010219 | D7: 3.49 | E7: 9.6435479 | F7: 6.6326457 | G7: 76.490779 | H7: 100 | I7: 1110 | J7: 52084.681
A8: Burundi | B8: 80.8411214953271 | C8: 887.842343383 | D8: 0.2801 | E8: 10.192868 | F8: 0.058384022 | G8: 82.709385 | H8: 10.233828 | I8: 1274 | J8: 259.02503
A9: Belgique | B9: 45.066357331572 | C9: 7730.879239745 | D9: 4.199 | E9: 51.584767 | F9: 7.3981307 | G9: 20.800023 | H9: 100 | I9: 847 | J9: 49926.825
A10: Bénin | B10: 35.0301525363604 | C10: 2005.9093441513 | D10: 0.13 | E10: 0.97524381 | F10: 0.63120481 | G10: 5.5555556 | H10: 41.973633 | I10: 1039 | J10: 1302.851
A11: Burkina Faso | B11: 46.1038011695906 | C11: 1599.295141703 | D11: 0.818 | E11: 7.8202677 | F11: 0.25353319 | G11: 9.3540387 | H11: 18.950687 | I11: 748 | J11: 830.03715
A12: Bangladesh | B12: 76.2694937389568 | C12: 56970.02069378 | D12: 35.87 | E12: 5.7233395 | F12: 0.51064756 | G12: 1.2268899 | H12: 98.991028 | I12: 2666 | J12: 2688.3055
A13: Bulgarie | B13: 46.4904200442152 | C13: 2109.34419338666 | D13: 5.076 | E13: 37.519403 | F13: 4.9232804 | G13: 17.988593 | H13: 99.8 | I13: 608 | J13: 13974.449
... A120: Zimbabwe | B120: 41.8766963939511 | C120: 2024.485896677 | D120: 3.7713817 | E120: 35.405385 | F120: 0.53048355 | G120: 52.724276 | H120: 48.979927 | I120: 657 | J120: 1676.8215

Sheet Feuil13
A1: Last Updated Date | B1: 45343 | C1: 2020 | D1: 2020 | E1: 2015 | F1: 2020 | G1: 2020 | H1: 2020 | I1: 2015 | J1: 2021 | K1: 2020 | L1: 2022
C2: Terres-ag | D2: CO2 | E2: Superf-urbaine | F2: Retr_eau | G2: Stress_hydrique | H2: CO2_hab | I2: Elect_renouv | J2: Accès_élect | K2: Hauteur_précip | L2: PIB_hab
A3: Country Name | B3: Country Code
A4: Angola | B4: AGO | C4: 36.8107804604155 | D4: 0.24342379 | E4: 2991.3469865533 | F4: 0.7057 | G4: 1.8718833 | H4: 0.59274297 | I4: 53.174928 | J4: 48.223854 | K4: 1010 | L4: 3000.4442
A5: Albanie | B5: ALB | C5: 42.538503649635 | D5: 0.34955163 | E5: 827.69395654173 | F5: 0.786 | G5: 4.7235577 | H5: 1.5445501 | I5: 100 | J5: 100 | K5: 1485 | L5: 6810.114
A6: Émirats arabes unis | B6: ARE | C6: 5.48859476203886 | D6: 0.49065424 | E6: 2263.10504571 | F6: 2.381 | G6: 1587.3333 | H6: 20.252272 | I6: 0.23240111 | J6: 100 | K6: 78 | L6: 53707.98
A7: Argentine | B7: ARG | C7: 43.0292651706989 | D7: 0.30014294 | E7: 11432.7305610191 | F7: 37.69 | G7: 10.456664 | H7: 3.4056175 | I7: 28.140069 | J7: 100 | K7: 591 | L7: 13650.605
A8: Arménie | B8: ARM | C8: 58.8689848963822 | D8: 0.56499286 | E8: 922.33502653 | F8: 2.83 | G8: 57.090982 | H8: 2.4046838 | I8: 28.336966 | J8: 100 | K8: 562 | L8: 7018.0515
A9: Australie | B9: AUS | C9: 46.2524798427461 | D9: 0.25439944 | E9: 11945.986036946 | F9: 8.64 | G9: 3.4740651 | H9: 14.776137 | I9: 13.637841 | J9: 100 | K9: 534 | L9: 65099.846
A10: Autriche | B10: AUT | C10: 31.5398133785749 | D10: 0.15302349 | E10: 2973.712010219 | F10: 3.49 | G10: 9.6435479 | H10: 6.6326457 | I10: 76.490779 | J10: 100 | K10: 1110 | L10: 52084.681
A11: Azerbaïdjan | B11: AZE | C11: 57.8382498850519 | D11: 0.6685963 | E11: 2589.858867181 | F11: 12.59 | G11: 55.597262 | H11: 3.3988496 | I11: 7.0398574 | J11: 100 | K11: 447 | L11: 7762.0738
A12: Burundi | B12: BDI | C12: 80.8411214953271 | D12: 0.22168819 | E12: 887.842343383 | F12: 0.2801 | G12: 10.192868 | H12: 0.058384022 | I12: 82.709385 | J12: 10.233828 | K12: 1274 | L12: 259.02503
A13: Belgique | B13: BEL | C13: 45.066357331572 | D13: 0.18197096 | E13: 7730.879239745 | F13: 4.199 | G13: 51.584767 | H13: 7.3981307 | I13: 20.800023 | J13: 100 | K13: 847 | L13: 49926.825
A14: Bénin | B14: BEN | C14: 35.0301525363604 | D14: 0.54194209 | E14: 2005.9093441513 | F14: 0.13 | G14: 0.97524381 | H14: 0.63120481 | I14: 5.5555556 | J14: 41.973633 | K14: 1039 | L14: 1302.851
A15: Burkina Faso | B15: BFA | C15: 46.1038011695906 | D15: 0.35756353 | E15: 1599.295141703 | F15: 0.818 | G15: 7.8202677 | H15: 0.25353319 | I15: 9.3540387 | J15: 18.950687 | K15: 748 | L15: 830.03715
... A157: Zimbabwe | B157: ZWE | C157: 41.8766963939511 | D157: 0.43728966 | E157: 2024.485896677 | F157: 3.7713817 | G157: 35.405385 | H157: 0.53048355 | I157: 52.724276 | J157: 48.979927 | K157: 657 | L157: 1676.8215

Sheet Data
A1: Data Source | B1: Indicateurs du développement dans le monde
A2: Last Updated Date | B2: 45343
A4: Country Name | B4: Country Code | C4: Indicator Name | D4: Indicator Code | E4: 1960 | F4: 1961 | G4: 1962 | H4: 1963 | I4: 1964 | J4: 1965 | K4: 1966 | L4: 1967 | M4: 1968 | N4: 1969 | O4: 1970 | P4: 1971 | Q4: 1972 | R4: 1973 | S4: 1974 | T4: 1975 | U4: 1976 | V4: 1977 | W4: 1978 | X4: 1979 | Y4: 1980 | Z4: 1981 | AA4: 1982 | AB4: 1983 | AC4: 1984 | AD4: 1985 | AE4: 1986 | AF4: 1987 | AG4: 1988 | AH4: 1989 | AI4: 1990 | AJ4: 1991 | AK4: 1992 | AL4: 1993 | AM4: 1994 | AN4: 1995 | AO4: 1996 | AP4: 1997 | AQ4: 1998 | AR4: 1999 | AS4: 2000 | AT4: 2001 | AU4: 2002 | AV4: 2003 | AW4: 2004 | AX4: 2005 | AY4: 2006 | AZ4: 2007 | BA4: 2008 | BB4: 2009 | BC4: 2010 | BD4: 2011 | BE4: 2012 | BF4: 2013 | BG4: 2014 | BH4: 2015 | BI4: 2016 | BJ4: 2017 | BK4: 2018 | BL4: 2019 | BM4: 2020 | BN4: 2021 | BO4: 2022
A5: Aruba | B5: ABW | C5: Émissions de CO2 (kg par $ US de 2010 de PIB) | D5: EN.ATM.CO2E.KD.GD
B6: AFE | C6: Émissions de CO2 (kg par $ US de 2010 de PIB) | D6: EN.ATM.CO2E.KD.GD | AI6: 0.73671476 | AJ6: 0.72487138 | AK6: 0.73153475 | AL6: 0.75549239 | AM6: 0.7634418 | AN6: 0.76691019 | AO6: 0.75493622 | AP6: 0.75640828 | AQ6: 0.7620796 | AR6: 0.71314379 | AS6: 0.69940481 | AT6: 0.74479504 | AU6: 0.73736731 | AV6: 0.7541225 | AW6: 0.76649265 | AX6: 0.72393554 | AY6: 0.68956872 | AZ6: 0.67587707 | BA6: 0.69230369 | BB6: 0.66450716 | BC6: 0.66688074 | BD6: 0.63428974 | BE6: 0.65440411 | BF6: 0.65292984 | BG6: 0.65331462 | BH6: 0.61797069 | BI6: 0.60870283 | BJ6: 0.60436964 | BK6: 0.5974779 | BL6: 0.59726758 | BM6: 0.54829262
A7: Afghanistan | B7: AFG | C7: Émissions de CO2 (kg par $ US de 2010 de PIB) | D7: EN.ATM.CO2E.KD.GD | AU7: 0.19408903 | AV7: 0.21013749 | AW7: 0.16197336 | AX7: 0.2210508 | AY7: 0.24424589 | AZ7: 0.26758412 | BA7: 0.39561335 | BB7: 0.48851758 | BC7: 0.558539 | BD7: 0.77573474 | BE7: 0.58713 | BF7: 0.51208688 | BG7: 0.49210475 | BH7: 0.52563361 | BI7: 0.47503783 | BJ7: 0.49902695 | BK7: 0.53988636 | BL7: 0.53218003 | BM7: 0.42233964
B8: AFW | C8: Émissions de CO2 (kg par $ US de 2010 de PIB) | D8: EN.ATM.CO2E.KD.GD | AI8: 0.37351733 | AJ8: 0.42023503 | AK8: 0.45019448 | AL8: 0.43084273 | AM8: 0.39896554 | AN8: 0.42826162 | AO8: 0.47286224 | AP8: 0.45377827 | AQ8: 0.42262827 | AR8: 0.42477443 | AS8: 0.4364687 | AT8: 0.4361945 | AU8: 0.37208574 | AV8: 0.37679857 | AW8: 0.35258533 | AX8: 0.33827349 | AY8: 0.30460451 | AZ8: 0.27979877 | BA8: 0.27715248 | BB8: 0.25150004 | BC8: 0.26424212 | BD8: 0.26137892 | BE8: 0.25589805 | BF8: 0.26401391 | BG8: 0.26241713 | BH8: 0.25266208 | BI8: 0.26143647 | BJ8: 0.25451634 | BK8: 0.25991494 | BL8: 0.26664683 | BM8: 0.26063217
A9: Angola | B9: AGO | C9: Émissions de CO2 (kg par $ US de 2010 de PIB) | D9: EN.ATM.CO2E.KD.GD | AI9: 0.23720778 | AJ9: 0.23882602 | AK9: 0.26134036 | AL9: 0.46338915 | AM9: 0.55733 | AN9: 0.54559895 | AO9: 0.58338245 | AP9: 0.56891481 | AQ9: 0.56404231 | AR9: 0.57982847 | AS9: 0.51763045 | AT9: 0.48912727 | AU9: 0.42313631 | AV9: 0.43901009 | AW9: 0.41193988 | AX9: 0.3244162 | AY9: 0.30457324 | AZ9: 0.27372526 | BA9: 0.27972979 | BB9: 0.304247 | BC9: 0.31425941 | BD9: 0.31789068 | BE9: 0.29290014 | BF9: 0.31521071 | BG9: 0.33028816 | BH9: 0.34972543 | BI9: 0.33484793 | BJ9: 0.28472444 | BK9: 0.27209155 | BL9: 0.28265808 | BM9: 0.24342379
A10: Albanie | B10: ALB | C10: Émissions de CO2 (kg par $ US de 2010 de PIB) | D10: EN.ATM.CO2E.KD.GD | AI10: 1.1480044 | AJ10: 1.0838535 | AK10: 0.63477457 | AL10: 0.53775775 | AM10: 0.49803649 | AN10: 0.41132169 | AO10: 0.38027908 | AP10: 0.32085751 | AQ10: 0.35968278 | AR10: 0.5270932 | AS10: 0.52607312 | AT10: 0.49305114 | AU10: 0.54861072 | AV10: 0.57176059 | AW10: 0.5660943 | AX10: 0.50834902 | AY10: 0.47836292 | AZ10: 0.47088512 | BA10: 0.43300249 | BB10: 0.43474429 | BC10: 0.45924222 | BD10: 0.4807193 | BE10: 0.41910569 | BF10: 0.43811724 | BG10: 0.46572196 | BH10: 0.4212753 | BI10: 0.38873458 | BJ10: 0.44250276 | BK10: 0.41850802 | BL10: 0.38505683 | BM10: 0.34955163
A11: Andorre | B11: AND | C11: Émissions de CO2 (kg par $ US de 2010 de PIB) | D11: EN.ATM.CO2E.KD.GD | AI11: 0.24828745 | AJ11: 0.24212299 | AK11: 0.23989386 | AL11: 0.24457785 | AM11: 0.23675189 | AN11: 0.24077696 | AO11: 0.24594641 | AP11: 0.23095452 | AQ11: 0.23614011 | AR11: 0.23699878 | AS11: 0.23382706 | AT11: 0.21626753 | AU11: 0.20975598 | AV11: 0.19430896 | AW11: 0.18830524 | AX11: 0.18333234 | AY11: 0.16600777 | AZ11: 0.16127458 | BA11: 0.17076789 | BB11: 0.17297011 | BC11: 0.17645502 | BD11: 0.16770838 | BE11: 0.17517058 | BF11: 0.17751695 | BG11: 0.16785112 | BH11: 0.16679125 | BI11: 0.16209149 | BJ11: 0.1602705 | BK11: 0.16770189 | BL11: 0.15951779 | BM11: 0.16796754
A12: Le monde arabe | B12: ARB | C12: Émissions de CO2 (kg par $ US de 2010 de PIB) | D12: EN.ATM.CO2E.KD.GD | AI12: 0.65540391 | AJ12: 0.64210023 | AK12: 0.66294637 | AL12: 0.69213083 | AM12: 0.70987173 | AN12: 0.71003045 | AO12: 0.70188705 | AP12: 0.70283206 | AQ12: 0.67239226 | AR12: 0.66901208 | AS12: 0.65389339 | AT12: 0.67814198 | AU12: 0.69618173 | AV12: 0.6837005 | AW12: 0.66203221 | AX12: 0.67040048 | AY12: 0.66534172 | AZ12: 0.66250026 | BA12: 0.6784182 | BB12: 0.69856866 | BC12: 0.70681311 | BD12: 0.69838813 | BE12: 0.71225914 | BF12: 0.70762876 | BG12: 0.71500764 | BH12: 0.70785775 | BI12: 0.68965182 | BJ12: 0.68703959 | BK12: 0.66454477 | BL12: 0.66262786 | BM12: 0.66731218
A13: Émirats arabes unis | B13: ARE | C13: Émissions de CO2 (kg par $ US de 2010 de PIB) | D13: EN.ATM.CO2E.KD.GD | AI13: 0.43424485 | AJ13: 0.48008927 | AK13: 0.45050533 | AL13: 0.47408611 | AM13: 0.49341034 | AN13: 0.49114589 | AO13: 0.48498925 | AP13: 0.46490023 | AQ13: 0.47497985 | AR13: 0.47391958 | AS13: 0.42277813 | AT13: 0.47829573 | AU13: 0.47629998 | AV13: 0.45841214 | AW13: 0.44332084 | AX13: 0.44756876 | AY13: 0.4253588 | AZ13: 0.44705538 | BA13: 0.51279602 | BB13: 0.54455183 | BC13: 0.55565304 | BD13: 0.53548286 | BE13: 0.55447008 | BF13: 0.55564437 | BG13: 0.53826579 | BH13: 0.5277406 | BI13: 0.51270082 | BJ13: 0.48746455 | BK13: 0.43673553 | BL13: 0.46027527 | BM13: 0.49065424
A14: Argentine | B14: ARG | C14: Émissions de CO2 (kg par $ US de 2010 de PIB) | D14: EN.ATM.CO2E.KD.GD | AI14: 0.37737925 | AJ14: 0.36507609 | AK14: 0.34466344 | AL14: 0.32541516 | AM14: 0.31208137 | AN14: 0.32402454 | AO14: 0.33332784 | AP14: 0.31730887 | AQ14: 0.32141629 | AR14: 0.33727311 | AS14: 0.33430258 | AT14: 0.3311854 | AU14: 0.34855281 | AV14: 0.34803813 | AW14: 0.35353036 | AX14: 0.33539293 | AY14: 0.32938354 | AZ14: 0.31757969 | BA14: 0.31346642 | BB14: 0.31193899 | BC14: 0.30254162 | BD14: 0.30147513 | BE14: 0.30686697 | BF14: 0.30858455 | BG14: 0.31022464 | BH14: 0.3119802 | BI14: 0.31450219 | BJ14: 0.29938216 | BK14: 0.30335981 | BL14: 0.29427209 | BM14: 0.30014294
A15: Arménie | B15: ARM | C15: Émissions de CO2 (kg par $ US de 2010 de PIB) | D15: EN.ATM.CO2E.KD.GD | AI15: 3.3982804 | AJ15: 4.0123158 | AK15: 3.5840102 | AL15: 1.8174973 | AM15: 0.93866883 | AN15: 1.1144385 | AO15: 0.76021927 | AP15: 0.98551699 | AQ15: 0.96494065 | AR15: 0.82993798 | AS15: 0.89937307 | AT15: 0.83004389 | AU15: 0.63486959 | AV15: 0.62417009 | AW15: 0.60823349 | AX15: 0.63291087 | AY15: 0.56265554 | AZ15: 0.57369867 | BA15: 0.58627873 | BB15: 0.54149678 | BC15: 0.5093787 | BD15: 0.55388124 | BE15: 0.59824648 | BF15: 0.55735351 | BG15: 0.53578576 | BH15: 0.50632324 | BI15: 0.47914575 | BJ15: 0.4725126 | BK15: 0.47766305 | BL15: 0.4814923 | BM15: 0.56499286
A16: Samoa américaines | B16: ASM | C16: Émissions de CO2 (kg par $ US de 2010 de PIB) | D16: EN.ATM.CO2E.KD.GD
A17: Antigua-et-Barbuda | B17: ATG | C17: Émissions de CO2 (kg par $ US de 2010 de PIB) | D17: EN.ATM.CO2E.KD.GD | AI17: 0.26072638 | AJ17: 0.25891457 | AK17: 0.25259691 | AL17: 0.24377221 | AM17: 0.23180885 | AN17: 0.25313809 | AO17: 0.25724339 | AP17: 0.25615058 | AQ17: 0.26139634 | AR17: 0.26377251 | AS17: 0.25931897 | AT17: 0.27984672 | AU17: 0.28835954 | AV17: 0.29260832 | AW17: 0.28179247 | AX17: 0.27135821 | AY17: 0.25437539 | AZ17: 0.24509363 | BA17: 0.25033309 | BB17: 0.30128628 | BC17: 0.33571143 | BD17: 0.33528742 | BE17: 0.3405309 | BF17: 0.3410477 | BG17: 0.33627942 | BH17: 0.34094808 | BI17: 0.33440232 | BJ17: 0.32610208 | BK17: 0.31008399 | BL17: 0.30099566 | BM17: 0.34597473
A18: Australie | B18: AUS | C18: Émissions de CO2 (kg par $ US de 2010 de PIB) | D18: EN.ATM.CO2E.KD.GD | AI18: 0.41849642 | AJ18: 0.42212944 | AK18: 0.42613839 | AL18: 0.41666788 | AM18: 0.41111117 | AN18: 0.4099365 | AO18: 0.40834223 | AP18: 0.40291141 | AQ18: 0.40967296 | AR18: 0.39737507 | AS18: 0.3889636 | AT18: 0.38819179 | AU18: 0.38165906 | AV18: 0.36977432 | AW18: 0.36810616 | AX18: 0.35944339 | AY18: 0.35483458 | AZ18: 0.35131337 | BA18: 0.34197596 | BB18: 0.34107046 | BC18: 0.3354491 | BD18: 0.32627081 | BE18: 0.31496586 | BF18: 0.30133159 | BG18: 0.28674867 | BH18: 0.28539078 | BI18: 0.284167 | BJ18: 0.27937748 | BK18: 0.27074231 | BL18: 0.2643873 | BM18: 0.25439944
A19: Autriche | B19: AUT | C19: Émissions de CO2 (kg par $ US de 2010 de PIB) | D19: EN.ATM.CO2E.KD.GD | AI19: 0.24218065 | AJ19: 0.25078562 | AK19: 0.22693072 | AL19: 0.22627386 | AM19: 0.22281694 | AN19: 0.22781768 | AO19: 0.23610803 | AP19: 0.2288475 | AQ19: 0.22247947 | AR19: 0.20946421 | AS19: 0.20417788 | AT19: 0.21550842 | AU19: 0.21656404 | AV19: 0.23029676 | AW19: 0.22818182 | AX19: 0.22446997 | AY19: 0.21089108 | AZ19: 0.19547596 | BA19: 0.19127425 | BB19: 0.18101496 | BC19: 0.19304764 | BD19: 0.18303727 | BE19: 0.17337536 | BF19: 0.17503672 | BG19: 0.16410675 | BH19: 0.16560073 | BI19: 0.16350608 | BJ19: 0.16534346 | BK19: 0.15472209 | BL19: 0.15581078 | BM19: 0.15302349
A20: Azerbaïdjan | B20: AZE | C20: Émissions de CO2 (kg par $ US de 2010 de PIB) | D20: EN.ATM.CO2E.KD.GD | AI20: 2.6424633 | AJ20: 2.5902246 | AK20: 4.0892584 | AL20: 4.0168206 | AM20: 3.4889805 | AN20: 3.8329633 | AO20: 3.1683949 | AP20: 2.9172062 | AQ20: 2.6520957 | AR20: 2.4350311 | AS20: 2.3230563 | AT20: 2.0153054 | AU20: 1.8261694 | AV20: 1.8084148 | AW20: 1.640323 | AX20: 1.3602853 | AY20: 1.0263447 | AZ20: 0.74403497 | BA20: 0.74032556 | BB20: 0.56719528 | BC20: 0.51486239 | BD20: 0.57718627 | BE20: 0.62352582 | BF20: 0.6055135 | BG20: 0.61413804 | BH20: 0.59863515 | BI20: 0.62684918 | BJ20: 0.62011808 | BK20: 0.62569566 | BL20: 0.66252713 | BM20: 0.6685963
A21: Burundi | B21: BDI | C21: Émissions de CO2 (kg par $ US de 2010 de PIB) | D21: EN.ATM.CO2E.KD.GD | AI21: 0.07863062 | AJ21: 0.091654657 | AK21: 0.079514488 | AL21: 0.088768536 | AM21: 0.092303771 | AN21: 0.10324174 | AO21: 0.1155305 | AP21: 0.11892175 | AQ21: 0.11669107 | AR21: 0.1185408 | AS21: 0.13429363 | AT21: 0.10533087 | AU21: 0.10463685 | AV21: 0.083153423 | AW21: 0.07394495 | AX21: 0.073928236 | AY21: 0.083460787 | AZ21: 0.080886428 | BA21: 0.07978646 | BB21: 0.076624055 | BC21: 0.11895531 | BD21: 0.12707669 | BE21: 0.12332578 | BF21: 0.11824799 | BG21: 0.11294214 | BH21: 0.11816997 | BI21: 0.14325628 | BJ21: 0.17063303 | BK21: 0.21103063 | BL21: 0.22052247 | BM21: 0.22168819
A22: Belgique | B22: BEL | C22: Émissions de CO2 (kg par $ US de 2010 de PIB) | D22: EN.ATM.CO2E.KD.GD | AI22: 0.37250056 | AJ22: 0.38134729 | AK22: 0.37022327 | AL22: 0.3664277 | AM22: 0.37042507 | AN22: 0.3607495 | AO22: 0.37120916 | AP22: 0.34921695 | AQ22: 0.35065569 | AR22: 0.32760222 | AS22: 0.32067544 | AT22: 0.32006858 | AU22: 0.29478022 | AV22: 0.30399545 | AW22: 0.28804661 | AX22: 0.27557353 | AY22: 0.26174357 | AZ22: 0.24270712 | BA22: 0.24816079 | BB22: 0.23711364 | BC22: 0.24658944 | BD22: 0.21891925 | BE22: 0.2145818 | BF22: 0.21645931 | BG22: 0.19943763 | BH22: 0.2056861 | BI22: 0.20113888 | BJ22: 0.19460347 | BK22: 0.19310805 | BL22: 0.18779761 | BM22: 0.18197096
A23: Bénin | B23: BEN | C23: Émissions de CO2 (kg par $ US de 2010 de PIB) | D23: EN.ATM.CO2E.KD.GD | AI23: 0.083397851 | AJ23: 0.066297042 | AK23: 0.066534912 | AL23: 0.063907003 | AM23: 0.061126001 | AN23: 0.062109424 | AO23: 0.1918651 | AP23: 0.23049164 | AQ23: 0.21779381 | AR23: 0.22816238 | AS23: 0.22904307 | AT23: 0.26485867 | AU23: 0.31761255 | AV23: 0.34453621 | AW23: 0.35736118 | AX23: 0.38495752 | AY23: 0.44338505 | AZ23: 0.48182682 | BA23: 0.4615639 | BB23: 0.49596916 | BC23: 0.5305525 | BD23: 0.49685927 | BE23: 0.45286874 | BF23: 0.44450993 | BG23: 0.46349158 | BH23: 0.48344944 | BI23: 0.57263089 | BJ23: 0.55292941 | BK23: 0.57307315 | BL23: 0.52719334 | BM23: 0.54194209
A24: Burkina Faso | B24: BFA | C24: Émissions de CO2 (kg par $ US de 2010 de PIB) | D24: EN.ATM.CO2E.KD.GD | AI24: 0.19527924 | AJ24: 0.18069781 | AK24: 0.18364572 | AL24: 0.18122145 | AM24: 0.17950034 | AN24: 0.17357109 | AO24: 0.17716785 | AP24: 0.19030773 | AQ24: 0.18837391 | AR24: 0.1861881 | AS24: 0.20535734 | AT24: 0.18808294 | AU24: 0.18076519 | AV24: 0.1799654 | AW24: 0.1771509 | AX24: 0.16553854 | AY24: 0.18951755 | AZ24: 0.21873183 | BA24: 0.23460166 | BB24: 0.23029883 | BC24: 0.23042848 | BD24: 0.22706478 | BE24: 0.26105254 | BF24: 0.27003277 | BG24: 0.26322492 | BH24: 0.32131075 | BI24: 0.31887715 | BJ24: 0.34737141 | BK24: 0.36266109 | BL24: 0.37711201 | BM24: 0.35756353
A25: Bangladesh | B25: BGD | C25: Émissions de CO2 (kg par $ US de 2010 de PIB) | D25: EN.ATM.CO2E.KD.GD | AI25: 0.2181121 | AJ25: 0.19809215 | AK25: 0.20508655 | AL25: 0.20819832 | AM25: 0.21594953 | AN25: 0.25110067 | AO25: 0.24416511 | AP25: 0.26347197 | AQ25: 0.25418215 | AR25: 0.25363992 | AS25: 0.24785246 | AT25: 0.29229273 | AU25: 0.29961839 | AV25: 0.30016827 | AW25: 0.30412967 | AX25: 0.30588808 | AY25: 0.31473834 | AZ25: 0.31109667 | BA25: 0.32116652 | BB25: 0.32904444 | BC25: 0.35164008 | BD25: 0.35529436 | BE25: 0.36225573 | BF25: 0.36476624 | BG25: 0.36220461 | BH25: 0.37501248 | BI25: 0.38825932 | BJ25: 0.39356853 | BK25: 0.40139418 | BL25: 0.35927245 | BM25: 0.32048727
A26: Bulgarie | B26: BGR | C26: Émissions de CO2 (kg par $ US de 2010 de PIB) | D26: EN.ATM.CO2E.KD.GD | AI26: 1.9053537 | AJ26: 1.6632471 | AK26: 1.6881186 | AL26: 1.7308474 | AM26: 1.6330331 | AN26: 1.6218394 | AO26: 1.5533598 | AP26: 1.7332045 | AQ26: 1.5906118 | AR26: 1.5246554 | AS26: 1.4281523 | AT26: 1.4631329 | AU26: 1.3046135 | AV26: 1.3629019 | AW26: 1.261773 | AX26: 1.1965577 | AY26: 1.1429736 | AZ26: 1.1514291 | BA26: 1.0321364 | BB26: 0.91568773 | BC26: 0.94017804 | BD26: 1.0217276 | BE26: 0.9198559 | BF26: 0.81471993 | BG26: 0.85576684 | BH26: 0.87688939 | BI26: 0.79439906 | BJ26: 0.81589963 | BK26: 0.74041453 | BL26: 0.68144695 | BM26: 0.61859373
A27: Bahreïn | B27: BHR | C27: Émissions de CO2 (kg par $ US de 2010 de PIB) | D27: EN.ATM.CO2E.KD.GD | AI27: 1.1922406 | AJ27: 1.032845 | AK27: 1.1482618 | AL27: 1.0831488 | AM27: 1.1112777 | AN27: 1.0823578 | AO27: 1.0871793 | AP27: 1.0739916 | AQ27: 1.1011944 | AR27: 1.0532023 | AS27: 1.0277433 | AT27: 1.0349654 | AU27: 1.0524718 | AV27: 1.0316757 | AW27: 0.96345108 | AX27: 1.0416163 | AY27: 1.0630537 | AZ27: 1.0041465 | BA27: 1.0174921 | BB27: 0.99048181 | BC27: 0.99729105 | BD27: 0.97984897 | BE27: 0.98662523 | BF27: 0.99374838 | BG27: 0.9995073 | BH27: 0.98202168 | BI27: 0.94233142 | BJ27: 0.90993549 | BK27: 0.90074507 | BL27: 0.94230582 | BM27: 0.97331837
A28: Bahamas | B28: BHS | C28: Émissions de CO2 (kg par $ US de 2010 de PIB) | D28: EN.ATM.CO2E.KD.GD | AI28: 0.23558797 | AJ28: 0.25449822 | AK28: 0.24776941 | AL28: 0.23089184 | AM28: 0.22684806 | AN28: 0.22609729 | AO28: 0.21360913 | AP28: 0.18874326 | AQ28: 0.22116456 | AR28: 0.21105077 | AS28: 0.20149166 | AT28: 0.18883625 | AU28: 0.18696261 | AV28: 0.19367806 | AW28: 0.1900515 | AX28: 0.17160321 | AY28: 0.16319649 | AZ28: 0.16298797 | BA28: 0.17114127 | BB28: 0.18105953 | BC28: 0.17573233 | BD28: 0.19262693 | BE28: 0.20494653 | BF28: 0.2472122 | BG28: 0.21794019 | BH28: 0.18910468 | BI28: 0.17616785 | BJ28: 0.1827347 | BK28: 0.22870338 | BL28: 0.21618174 | BM28: 0.26465695
A29: Bosnie-Herzégovine | B29: BIH | C29: Émissions de CO2 (kg par $ US de 2010 de PIB) | D29: EN.ATM.CO2E.KD.GD | AM29: 1.2982844 | AN29: 1.1450136 | AO29: 0.75317226 | AP29: 1.1365278 | AQ29: 1.2456661 | AR29: 1.1107218 | AS29: 1.3070957 | AT29: 1.2586669 | AU29: 1.2674034 | AV29: 1.2466557 | AW29: 1.2277055 | AX29: 1.2312602 | AY29: 1.2893077 | AZ29: 1.2844982 | BA29: 1.3389591 | BB29: 1.3690304 | BC29: 1.3739455 | BD29: 1.5499591 | BE29: 1.4457483 | BF29: 1.4053253 | BG29: 1.2404314 | BH29: 1.1965729 | BI29: 1.3200466 | BJ29: 1.2977901 | BK29: 1.2457125 | BL29: 1.1309053 | BM29: 1.1562652
A30: Bélarus | B30: BLR | C30: Émissions de CO2 (kg par $ US de 2010 de PIB) | D30: EN.ATM.CO2E.KD.GD | AI30: 3.3895006 | AJ30: 3.3065348 | AK30: 3.335719 | AL30: 3.1353486 | AM30: 3.0120043 | AN30: 2.9904418 | AO30: 2.9568326 | AP30: 2.6799898 | AQ30: 2.396136 | AR30: 2.226438 | AS30: 2.0281696 | AT30: 1.8910515 | AU30: 1.8013635 | AV30: 1.7079734 | AW30: 1.6266716 | AX30: 1.5058699 | AY30: 1.425451 | AZ30: 1.2798149 | BA30: 1.2202034 | BB30: 1.1560139 | BC30: 1.1524046 | BD30: 1.0380911 | BE30: 1.0455904 | BF30: 1.0378521 | BG30: 1.0124147 | BH30: 0.97194948 | BI30: 1.0031341 | BJ30: 0.99689732 | BK30: 1.0184272 | BL30: 0.97697135 | BM30: 0.93448481
A31: Belize | B31: BLZ | C31: Émissions de CO2 (kg par $ US de 2010 de PIB) | D31: EN.ATM.CO2E.KD.GD | AI31: 0.45320933 | AJ31: 0.52614674 | AK31: 0.40424605 | AL31: 0.40396982 | AM31: 0.40106277 | AN31: 0.40062183 | AO31: 0.32329134 | AP31: 0.39309115 | AQ31: 0.36084305 | AR31: 0.30897215 | AS31: 0.31262717 | AT31: 0.33711406 | AU31: 0.29878369 | AV31: 0.27275364 | AW31: 0.23683389 | AX31: 0.24622953 | AY31: 0.24961856 | AZ31: 0.25757971 | BA31: 0.23994625 | BB31: 0.28438529 | BC31: 0.28047982 | BD31: 0.3036674 | BE31: 0.23771447 | BF31: 0.22374929 | BG31: 0.22750243 | BH31: 0.30760338 | BI31: 0.29679187 | BJ31: 0.2984675 | BK31: 0.2893335 | BL31: 0.32436595 | BM31: 0.35117536
A32: Bermudes | B32: BMU | C32: Émissions de CO2 (kg par $ US de 2010 de PIB) | D32: EN.ATM.CO2E.KD.GD
A33: Bolivie | B33: BOL | C33: Émissions de CO2 (kg par $ US de 2010 de PIB) | D33: EN.ATM.CO2E.KD.GD | AI33: 0.86917773 | AJ33: 0.86218571 | AK33: 0.87208692 | AL33: 0.7680241 | AM33: 0.6840383 | AN33: 0.58989685 | AO33: 0.54538952 | AP33: 0.5729807 | AQ33: 0.51836213 | AR33: 0.48993862 | AS33: 0.46773602 | AT33: 0.44324334 | AU33: 0.46164407 | AV33: 0.47851796 | AW33: 0.48540741 | AX33: 0.48965659 | AY33: 0.506573 | AZ33: 0.53838224 | BA33: 0.54241032 | BB33: 0.55925392 | BC33: 0.58188413 | BD33: 0.60161158 | BE33: 0.60698541 | BF33: 0.60732817 | BG33: 0.61891742 | BH33: 0.60614484 | BI33: 0.61988879 | BJ33: 0.60328432 | BK33: 0.5856075 | BL33: 0.57153584 | BM33: 0.52717829
A34: Brésil | B34: BRA | C34: Émissions de CO2 (kg par $ US de 2010 de PIB) | D34: EN.ATM.CO2E.KD.GD | AI34: 0.21575992 | AJ34: 0.22173322 | AK34: 0.22553942 | AL34: 0.22259986 | AM34: 0.21736272 | AN34: 0.22616282 | AO34: 0.2406532 | AP34: 0.24953378 | AQ34: 0.25687167 | AR34: 0.26480071 | AS34: 0.26438448 | AT34: 0.26550277 | AU34: 0.25632977 | AV34: 0.24789652 | AW34: 0.24775079 | AX34: 0.24238142 | AY34: 0.23591054 | AZ34: 0.23363041 | BA34: 0.23559612 | BB34: 0.22097273 | BC34: 0.23364416 | BD34: 0.2362129 | BE34: 0.25167187 | BF34: 0.26187195 | BG34: 0.2738175 | BH34: 0.26930463 | BI34: 0.25647325 | BJ34: 0.2579981 | BK34: 0.24132498 | BL34: 0.23867781 | BM34: 0.23529857
A35: Barbade | B35: BRB | C35: Émissions de CO2 (kg par $ US de 2010 de PIB) | D35: EN.ATM.CO2E.KD.GD | AI35: 0.25597825 | AJ35: 0.26522849 | AK35: 0.26034829 | AL35: 0.24465309 | AM35: 0.2542559 | AN35: 0.25379964 | AO35: 0.25282715 | AP35: 0.26306257 | AQ35: 0.26988399 | AR35: 0.28592097 | AS35: 0.26908143 | AT35: 0.28225814 | AU35: 0.27763636 | AV35: 0.28154615 | AW35: 0.28435739 | AX35: 0.28334508 | AY35: 0.2715239 | AZ35: 0.26982268 | BA35: 0.31749164 | BB35: 0.33034112 | BC35: 0.31304557 | BD35: 0.32280342 | BE35: 0.31340852 | BF35: 0.31144342 | BG35: 0.27739152 | BH35: 0.26818124 | BI35: 0.26591846 | BJ35: 0.24197255 | BK35: 0.26276008 | BL35: 0.24083831 | BM35: 0.25915961
A36: Brunéi Darussalam | B36: BRN | C36: Émissions de CO2 (kg par $ US de 2010 de PIB) | D36: EN.ATM.CO2E.KD.GD | AI36: 0.35847882 | AJ36: 0.36078487 | AK36: 0.36483946 | AL36: 0.39849786 | AM36: 0.41949117 | AN36: 0.43310154 | AO36: 0.44171002 | AP36: 0.48526789 | AQ36: 0.42193701 | AR36: 0.40174609 | AS36: 0.41571989 | AT36: 0.4038366 | AU36: 0.38145903 | AV36: 0.44253676 | AW36: 0.40738526 | AX36: 0.39692983 | AY36: 0.57289245 | AZ36: 0.54328917 | BA36: 0.61370379 | BB36: 0.62171126 | BC36: 0.55182504 | BD36: 0.54391271 | BE36: 0.53655218 | BF36: 0.54139547 | BG36: 0.54542607 | BH36: 0.4947839 | BI36: 0.55262181 | BJ36: 0.57055315 | BK36: 0.58979516 | BL36: 0.53151166 | BM36: 0.71396368
A37: Bhoutan | B37: BTN | C37: Émissions de CO2 (kg par $ US de 2010 de PIB) | D37: EN.ATM.CO2E.KD.GD | AI37: 0.44427351 | AJ37: 0.43986085 | AK37: 0.47183545 | AL37: 0.39935355 | AM37: 0.44251632 | AN37: 0.49382891 | AO37: 0.56387177 | AP37: 0.68778657 | AQ37: 0.64299322 | AR37: 0.5972037 | AS37: 0.59355551 | AT37: 0.53439203 | AU37: 0.52235271 | AV37: 0.44467402 | AW37: 0.34815288 | AX37: 0.4092881 | AY37: 0.38452528 | AZ37: 0.32586432 | BA37: 0.32958746 | BB37: 0.28991055 | BC37: 0.32185244 | BD37: 0.44976656 | BE37: 0.4794383 | BF37: 0.51120361 | BG37: 0.53885389 | BH37: 0.52011462 | BI37: 0.56701583 | BJ37: 0.57758251 | BK37: 0.61974685 | BL37: 0.57743751 | BM37: 0.46461766
A38: Botswana | B38: BWA | C38: Émissions de CO2 (kg par $ US de 2010 de PIB) | D38: EN.ATM.CO2E.KD.GD | AI38: 0.53227776 | AJ38: 0.48250531 | AK38: 0.56545123 | AL38: 0.54664507 | AM38: 0.49997722 | AN38: 0.48377305 | AO38: 0.41787161 | AP38: 0.40561137 | AQ38: 0.48497885 | AR38: 0.46340105 | AS38: 0.47501256 | AT38: 0.45406787 | AU38: 0.44592568 | AV38: 0.41438669 | AW38: 0.40916859 | AX38: 0.42172467 | AY38: 0.37173788 | AZ38: 0.37140808 | BA38: 0.36578043 | BB38: 0.40604938 | BC38: 0.29695693 | BD38: 0.32012657 | BE38: 0.28194579 | BF38: 0.4029554 | BG38: 0.49146256 | BH38: 0.51362361 | BI38: 0.45701864 | BJ38: 0.48585159 | BK38: 0.51232614 | BL38: 0.44401094 | BM38: 0.38952033
A39: République centrafricaine | B39: CAF | C39: Émissions de CO2 (kg par $ US de 2010 de PIB) | D39: EN.ATM.CO2E.KD.GD | AI39: 0.099143831 | AJ39: 0.095653011 | AK39: 0.10905832 | AL39: 0.11307035 | AM39: 0.10990897 | AN39: 0.10450479 | AO39: 0.11098594 | AP39: 0.10539981 | AQ39: 0.13707762 | AR39: 0.1377838 | AS39: 0.14512036 | AT39: 0.14451588 | AU39: 0.13770775 | AV39: 0.13460935 | AW39: 0.12435721 | AX39: 0.12209383 | AY39: 0.12183798 | AZ39: 0.11821138 | BA39: 0.083488694 | BB39: 0.075450821 | BC39: 0.074941051 | BD39: 0.079906536 | BE39: 0.077237531 | BF39: 0.074260331 | BG39: 0.08022971 | BH39: 0.10873759 | BI39: 0.11619117 | BJ39: 0.11977566 | BK39: 0.11887915 | BL39: 0.11847546 | BM39: 0.11801726
A40: Canada | B40: CAN | C40: Émissions de CO2 (kg par $ US de 2010 de PIB) | D40: EN.ATM.CO2E.KD.GD | AI40: 0.47787723 | AJ40: 0.48087701 | AK40: 0.49170411 | AL40: 0.47412192 | AM40: 0.46955262 | AN40: 0.46909816 | AO40: 0.47536571 | AP40: 0.47077818 | AQ40: 0.46071786 | AR40: 0.44676525 | AS40: 0.4420695 | AT40: 0.42752007 | AU40: 0.42960338 | AV40: 0.43822768 | AW40: 0.4187404 | AX40: 0.41525666 | AY40: 0.39831506 | AZ40: 0.41277595 | BA40: 0.39363665 | BB40: 0.38398566 | BC40: 0.38368324 | BD40: 0.38051703 | BE40: 0.37185633 | BF40: 0.36969108 | BG40: 0.36325639 | BH40: 0.35897465 | BI40: 0.3540938 | BJ40: 0.35064225 | BK40: 0.34812737 | BL40: 0.33360845 | BM40: 0.32081516
A41: Europe centrale et les pays baltes | B41: CEB | C41: Émissions de CO2 (kg par $ US de 2010 de PIB) | D41: EN.ATM.CO2E.KD.GD | AI41: 1.4180944 | AJ41: 1.4528256 | AK41: 1.3757799 | AL41: 1.3159009 | AM41: 1.2322806 | AN41: 1.1710911 | AO41: 1.1561037 | AP41: 1.0953091 | AQ41: 1.0016704 | AR41: 0.92820998 | AS41: 0.8837608 | AT41: 0.87180119 | AU41: 0.82409169 | AV41: 0.82364137 | AW41: 0.77701016 | AX41: 0.73984232 | AY41: 0.71136834 | AZ41: 0.67320779 | BA41: 0.63193166 | BB41: 0.60574648 | BC41: 0.61778763 | BD41: 0.59773109 | BE41: 0.57013968 | BF41: 0.54439264 | BG41: 0.51104066 | BH41: 0.49847019 | BI41: 0.49415823 | BJ41: 0.48973099 | BK41: 0.46283037 | BL41: 0.4225786 | BM41: 0.40685477
A42: Suisse | B42: CHE | C42: Émissions de CO2 (kg par $ US de 2010 de PIB) | D42: EN.ATM.CO2E.KD.GD | AI42: 0.092083118 | AJ42: 0.097954108 | AK42: 0.098073789 | AL42: 0.093361818 | AM42: 0.090368691 | AN42: 0.091723413 | AO42: 0.092483945 | AP42: 0.08785407 | AQ42: 0.088260471 | AR42: 0.087367918 | AS42: 0.08249465 | AT42: 0.083901592 | AU42: 0.081022527 | AV42: 0.083403989 | AW42: 0.082014796 | AX42: 0.080819061 | AY42: 0.077026631 | AZ42: 0.07096489 | BA42: 0.071279846 | BB42: 0.070856441 | BC42: 0.071049521 | BD42: 0.063585798 | BE42: 0.064865107 | BF42: 0.065243761 | BG42: 0.058272139 | BH42: 0.05631721 | BI42: 0.055988382 | BJ42: 0.053888387 | BK42: 0.050741311 | BL42: 0.050027855 | BM42: 0.047757744
A43: Îles Anglo-Normandes | B43: CHI | C43: Émissions de CO2 (kg par $ US de 2010 de PIB) | D43: EN.ATM.CO2E.KD.GD
A44: Chili | B44: CHL | C44: Émissions de CO2 (kg par $ US de 2010 de PIB) | D44: EN.ATM.CO2E.KD.GD | AI44: 0.42532498 | AJ44: 0.37786293 | AK44: 0.35273293 | AL44: 0.35402743 | AM44: 0.37197521 | AN44: 0.37144801 | AO44: 0.40065704 | AP44: 0.42617052 | AQ44: 0.41487862 | AR44: 0.43534546 | AS44: 0.38420498 | AT44: 0.35768909 | AU44: 0.35157212 | AV44: 0.34309114 | AW44: 0.3521951 | AX44: 0.33880519 | AY44: 0.32620787 | AZ44: 0.35048204 | BA44: 0.35555793 | BB44: 0.34613989 | BC44: 0.34848091 | BD44: 0.35967652 | BE44: 0.34742588 | BF44: 0.3559676 | BG44: 0.32257257 | BH44: 0.3392876 | BI44: 0.35064649 | BJ44: 0.34847784 | BK44: 0.33297027 | BL44: 0.35087643 | BM44: 0.34502284
A45: Chine | B45: CHN | C45: Émissions de CO2 (kg par $ US de 2010 de PIB) | D45: EN.ATM.CO2E.KD.GD | AI45: 2.1154449 | AJ45: 2.0508655 | AK45: 1.885929 | AL45: 1.8116285 | AM45: 1.6767555 | AN45: 1.6864665 | AO45: 1.5252331 | AP45: 1.4251878 | AQ45: 1.3645817 | AR45: 1.2351157 | AS45: 1.2080828 | AT45: 1.1759598 | AU45: 1.1590879 | AV45: 1.2276795 | AW45: 1.2884944 | AX45: 1.3176262 | AY45: 1.2919176 | AZ45: 1.2286014 | BA45: 1.1535421 | BB45: 1.1305183 | BC45: 1.1218953 | BD45: 1.1216784 | BE45: 1.0688048 | BF45: 1.0373747 | BG45: 0.9697227 | BH45: 0.89130918 | BI45: 0.83431644 | BJ45: 0.79818597 | BK45: 0.78314056 | BL45: 0.75283616 | BM45: 0.74879423
A46: Côte d'Ivoire | B46: CIV | C46: Émissions de CO2 (kg par $ US de 2010 de PIB) | D46: EN.ATM.CO2E.KD.GD | AI46: 0.11893393 | AJ46: 0.12266883 | AK46: 0.12211496 | AL46: 0.13052453 | AM46: 0.13544161 | AN46: 0.13752829 | AO46: 0.15378041 | AP46: 0.17204403 | AQ46: 0.16557568 | AR46: 0.22407507 | AS46: 0.21342448 | AT46: 0.21828757 | AU46: 0.23632319 | AV46: 0.19250556 | AW46: 0.19213475 | AX46: 0.20452323 | AY46: 0.19290379 | AZ46: 0.18943284 | BA46: 0.20688923 | BB46: 0.18601514 | BC46: 0.18331277 | BD46: 0.18663021 | BE46: 0.22781815 | BF46: 0.22243977 | BG46: 0.21518304 | BH46: 0.21402813 | BI46: 0.19538217 | BJ46: 0.20029966 | BK46: 0.18437359 | BL46: 0.18402679 | BM46: 0.18181826
A47: Cameroun | B47: CMR | C47: Émissions de CO2 (kg par $ US de 2010 de PIB) | D47: EN.ATM.CO2E.KD.GD | AI47: 0.18810783 | AJ47: 0.46975193 | AK47: 0.47647104 | AL47: 0.43589601 | AM47: 0.34272147 | AN47: 0.33742289 | AO47: 0.32902705 | AP47: 0.32185884 | AQ47: 0.31859268 | AR47: 0.28959385 | AS47: 0.30340912 | AT47: 0.28791276 | AU47: 0.27431936 | AV47: 0.26381799 | AW47: 0.24249826 | AX47: 0.23229009 | AY47: 0.22712897 | AZ47: 0.26216656 | BA47: 0.26579985 | BB47: 0.28501 | BC47: 0.27627132 | BD47: 0.25912945 | BE47: 0.2500464 | BF47: 0.26104303 | BG47: 0.26975223 | BH47: 0.2638975 | BI47: 0.26653918 | BJ47: 0.26032897 | BK47: 0.26901205 | BL47: 0.25484729 | BM47: 0.26405637
A48: Congo, République démocratique du | B48: COD | C48: Émissions de CO2 (kg par $ US de 2010 de PIB) | D48: EN.ATM.CO2E.KD.GD | AI48: 0.10811184 | AJ48: 0.064537459 | AK48: 0.06150853 | AL48: 0.090923149 | AM48: 0.11018273 | AN48: 0.10459614 | AO48: 0.11370731 | AP48: 0.12040174 | AQ48: 0.12270064 | AR48: 0.11816771 | AS48: 0.09891843 | AT48: 0.096745897 | AU48: 0.099063984 | AV48: 0.1136403 | AW48: 0.10332859 | AX48: 0.11085707 | AY48: 0.10878766 | AZ48: 0.1109004 | BA48: 0.10779921 | BB48: 0.102734 | BC48: 0.10170698 | BD48: 0.10818134 | BE48: 0.094673184 | BF48: 0.12221878 | BG48: 0.14482208 | BH48: 0.085221399 | BI48: 0.062356314 | BJ48: 0.070640084 | BK48: 0.066024517 | BL48: 0.068135749 | BM48: 0.066849745
A49: Congo, République du | B49: COG | C49: Émissions de CO2 (kg par $ US de 2010 de PIB) | D49: EN.ATM.CO2E.KD.GD | AI49: 0.56888041 | AJ49: 0.55423083 | AK49: 0.52908696 | AL49: 0.45956165 | AM49: 0.37136177 | AN49: 0.45795839 | AO49: 0.52798636 | AP49: 0.54777211 | AQ49: 0.62656804 | AR49: 0.65746451 | AS49: 0.67058324 | AT49: 0.63063841 | AU49: 0.39151909 | AV49: 0.4545675 | AW49: 0.47874406 | AX49: 0.54525791 | AY49: 0.55933688 | AZ49: 0.52032248 | BA49: 0.51420357 | BB49: 0.51108918 | BC49: 0.52110706 | BD49: 0.50615777 | BE49: 0.44982849 | BF49: 0.45743628 | BG49: 0.41790574 | BH49: 0.45477101 | BI49: 0.48416382 | BJ49: 0.50437718 | BK49: 0.59363797 | BL49: 0.66155786 | BM49: 0.72068495
A50: Colombie | B50: COL | C50: Émissions de CO2 (kg par $ US de 2010 de PIB) | D50: EN.ATM.CO2E.KD.GD | AI50: 0.40970245 | AJ50: 0.4157742 | AK50: 0.41603848 | AL50: 0.42045747 | AM50: 0.40334602 | AN50: 0.40025722 | AO50: 0.38703411 | AP50: 0.40946035 | AQ50: 0.40861243 | AR50: 0.36657056 | AS50: 0.37572727 | AT50: 0.37324007 | AU50: 0.35058562 | AV50: 0.33350336 | AW50: 0.31602016 | AX50: 0.30986719 | AY50: 0.29039377 | AZ50: 0.27915347 | BA50: 0.27294152 | BB50: 0.28048419 | BC50: 0.27473924 | BD50: 0.27941761 | BE50: 0.27063905 | BF50: 0.28492441 | BG50: 0.28095589 | BH50: 0.27604534 | BI50: 0.27877501 | BJ50: 0.24918044 | BK50: 0.25476885 | BL50: 0.24637622 | BM50: 0.26520825
A51: Comores | B51: COM | C51: Émissions de CO2 (kg par $ US de 2010 de PIB) | D51: EN.ATM.CO2E.KD.GD | AI51: 0.12380852 | AJ51: 0.13726341 | AK51: 0.12941948 | AL51: 0.13100429 | AM51: 0.14132107 | AN51: 0.14204213 | AO51: 0.14685269 | AP51: 0.14949862 | AQ51: 0.1614381 | AR51: 0.16646414 | AS51: 0.16257173 | AT51: 0.16628634 | AU51: 0.16236011 | AV51: 0.20250087 | AW51: 0.21788699 | AX51: 0.20330036 | AY51: 0.2318759 | AZ51: 0.14943621 | BA51: 0.14669461 | BB51: 0.17484149 | BC51: 0.20135621 | BD51: 0.17283517 | BE51: 0.17880739 | BF51: 0.20548093 | BG51: 0.17998651 | BH51: 0.19243717 | BI51: 0.21831346 | BJ51: 0.26925526 | BK51: 0.28186084 | BL51: 0.29848729 | BM51: 0.30090582
A52: Cabo Verde | B52: CPV | C52: Émissions de CO2 (kg par $ US de 2010 de PIB) | D52: EN.ATM.CO2E.KD.GD | AI52: 0.58623209 | AJ52: 0.53407967 | AK52: 0.5185649 | AL52: 0.45146463 | AM52: 0.38492799 | AN52: 0.38646414 | AO52: 0.3827026 | AP52: 0.35633393 | AQ52: 0.34146647 | AR52: 0.36579057 | AS52: 0.33111345 | AT52: 0.3797022 | AU52: 0.39447023 | AV52: 0.40483408 | AW52: 0.36465543 | AX52: 0.37018498 | AY52: 0.39383914 | AZ52: 0.30326235 | BA52: 0.29298928 | BB52: 0.31928534 | BC52: 0.33201019 | BD52: 0.33489297 | BE52: 0.30722081 | BF52: 0.29158307 | BG52: 0.28633555 | BH52: 0.28568039 | BI52: 0.29751792 | BJ52: 0.30647629 | BK52: 0.30057566 | BL52: 0.29168213 | BM52: 0.37033898
A53: Costa Rica | B53: CRI | C53: Émissions de CO2 (kg par $ US de 2010 de PIB) | D53: EN.ATM.CO2E.KD.GD | AI53: 0.15235145 | AJ53: 0.15885533 | AK53: 0.19711397 | AL53: 0.18548894 | AM53: 0.20589196 | AN53: 0.19602169 | AO53: 0.18203391 | AP53: 0.17132489 | AQ53: 0.1784351 | AR53: 0.17185696 | AS53: 0.16258988 | AT53: 0.17221915 | AU53: 0.16961537 | AV53: 0.17071207 | AW53: 0.16755807 | AX53: 0.17010516 | AY53: 0.16564461 | AZ53: 0.17747638 | BA53: 0.16750411 | BB53: 0.16185689 | BC53: 0.15163751 | BD53: 0.15189166 | BE53: 0.14513054 | BF53: 0.14791093 | BG53: 0.14383532 | BH53: 0.13355144 | BI53: 0.13617123 | BJ53: 0.13342253 | BK53: 0.12991153 | BL53: 0.12358018 | BM53: 0.11304988
A54: Petits états des Caraïbes | B54: CSS | C54: Émissions de CO2 (kg par $ US de 2010 de PIB) | D54: EN.ATM.CO2E.KD.GD | AI54: 0.69705563 | AJ54: 0.69462156 | AK54: 0.69285881 | AL54: 0.61809897 | AM54: 0.56927214 | AN54: 0.56255084 | AO54: 0.56527368 | AP54: 0.56668463 | AQ54: 0.57721266 | AR54: 0.5617464 | AS54: 0.53567779 | AT54: 0.55360261 | AU54: 0.54827354 | AV54: 0.57661615 | AW54: 0.56909097 | AX54: 0.572976 | AY54: 0.59111466 | AZ54: 0.58195484 | BA54: 0.53911119 | BB54: 0.52235523 | BC54: 0.54919922 | BD54: 0.56284163 | BE54: 0.53672965 | BF54: 0.54780965 | BG54: 0.53028986 | BH54: 0.5186127 | BI54: 0.50237056 | BJ54: 0.49286473 | BK54: 0.50496006 | BL54: 0.49799943 | BM54: 0.48029553
A55: Cuba | B55: CUB | C55: Émissions de CO2 (kg par $ US de 2010 de PIB) | D55: EN.ATM.CO2E.KD.GD | AI55: 0.67530101 | AJ55: 0.58201312 | AK55: 0.52268952 | AL55: 0.56837266 | AM55: 0.60821048 | AN55: 0.63342136 | AO55: 0.63877495 | AP55: 0.67682989 | AQ55: 0.66748976 | AR55: 0.6491294 | AS55: 0.62064117 | AT55: 0.58264566 | AU55: 0.5526745 | AV55: 0.51646035 | AW55: 0.48325776 | AX55: 0.4509074 | AY55: 0.40942712 | AZ55: 0.39449655 | BA55: 0.36616103 | BB55: 0.36406027 | BC55: 0.37045852 | BD55: 0.3536465 | BE55: 0.3570426 | BF55: 0.34966039 | BG55: 0.31975466 | BH55: 0.33523312 | BI55: 0.31030495 | BJ55: 0.29430156 | BK55: 0.29258397 | BL55: 0.26827516 | BM55: 0.30014141
A56: Curacao | B56: CUW | C56: Émissions de CO2 (kg par $ US de 2010 de PIB) | D56: EN.ATM.CO2E.KD.GD
A57: Îles Caïmans | B57: CYM | C57: Émissions de CO2 (kg par $ US de 2010 de PIB) | D57: EN.ATM.CO2E.KD.GD
A58: Chypre | B58: CYP | C58: Émissions de CO2 (kg par $ US de 2010 de PIB) | D58: EN.ATM.CO2E.KD.GD | AI58: 0.46182665 | AJ58: 0.51013942 | AK58: 0.50014099 | AL58: 0.51987651 | AM58: 0.51163339 | AN58: 0.46189016 | AO58: 0.48453472 | AP58: 0.47918164 | AQ58: 0.47343858 | AR58: 0.46871364 | AS58: 0.45884608 | AT58: 0.43300215 | AU58: 0.42799217 | AV58: 0.45577524 | AW58: 0.43089948 | AX58: 0.41740107 | AY58: 0.40358579 | AZ58: 0.3987798 | BA58: 0.39325229 | BB58: 0.39119659 | BC58: 0.3659702 | BD58: 0.3523327 | BE58: 0.33930092 | BF58: 0.32876887 | BG58: 0.35490746 | BH58: 0.34531448 | BI58: 0.3417658 | BJ58: 0.3292205 | BK58: 0.30460759 | BL58: 0.28749653 | BM58: 0.28023942
A59: République tchèque | B59: CZE | C59: Émissions de CO2 (kg par $ US de 2010 de PIB) | D59: EN.ATM.CO2E.KD.GD | AI59: 1.2747352 | AJ59: 1.3161336 | AK59: 1.295246 | AL59: 1.2390108 | AM59: 1.1508307 | AN59: 1.0747089 | AO59: 1.0635624 | AP59: 1.0484855 | AQ59: 1.0001415 | AR59: 0.92547455 | AS59: 0.98773425 | AT59: 0.95568003 | AU59: 0.9096462 | AV59: 0.90128195 | AW59: 0.86276408 | AX59: 0.79696204 | AY59: 0.75049195 | AZ59: 0.72179343 | BA59: 0.67062963 | BB59: 0.67096678 | BC59: 0.66034771 | BD59: 0.63217084 | BE59: 0.6148304 | BF59: 0.58983712 | BG59: 0.56025713 | BH59: 0.53803041 | BI59: 0.53421095 | BJ59: 0.51067791 | BK59: 0.49084981 | BL59: 0.45312902 | BM59: 0.43595021
A60: Allemagne | B60: DEU | C60: Émissions de CO2 (kg par $ US de 2010 de PIB) | D60: EN.ATM.CO2E.KD.GD | AI60: 0.40787827 | AJ60: 0.37881021 | AK60: 0.35582836 | AL60: 0.35702013 | AM60: 0.3442934 | AN60: 0.33857873 | AO60: 0.34726865 | AP60: 0.32919946 | AQ60: 0.31996666 | AR60: 0.30254949 | AS60: 0.29281948 | AT60: 0.29401023 | AU60: 0.28962516 | AV60: 0.29286141 | AW60: 0.2840219 | AX60: 0.27554046 | AY60: 0.26939043 | AZ60: 0.2517714 | BA60: 0.25125083 | BB60: 0.24790368 | BC60: 0.25034851 | BD60: 0.23260683 | BE60: 0.23587326 | BF60: 0.23979633 | BG60: 0.22247905 | BH60: 0.22108576 | BI60: 0.21767107 | BJ60: 0.20774946 | BK60: 0.19886543 | BL60: 0.18310686 | BM60: 0.17439608
A61: Djibouti | B61: DJI | C61: Émissions de CO2 (kg par $ US de 2010 de PIB) | D61: EN.ATM.CO2E.KD.GD | BF61: 0.26533421 | BG61: 0.17836958 | BH61: 0.18419053 | BI61: 0.15227418 | BJ61: 0.14728845 | BK61: 0.14458425 | BL61: 0.14140247 | BM61: 0.13937954
A62: Dominique | B62: DMA | C62: Émissions de CO2 (kg par $ US de 2010 de PIB) | D62: EN.ATM.CO2E.KD.GD | AI62: 0.17941255 | AJ62: 0.17702665 | AK62: 0.17378221 | AL62: 0.1790442 | AM62: 0.18791807 | AN62: 0.21839503 | AO62: 0.17766347 | AP62: 0.22724478 | AQ62: 0.2233067 | AR62: 0.24503416 | AS62: 0.29326196 | AT62: 0.32576855 | AU62: 0.25450997 | AV62: 0.27533844 | AW62: 0.31732625 | AX62: 0.32421604 | AY62: 0.3241855 | AZ62: 0.32189656 | BA62: 0.30361285 | BB62: 0.30368332 | BC62: 0.31767622 | BD62: 0.28073514 | BE62: 0.31153565 | BF62: 0.32297331 | BG62: 0.32378639 | BH62: 0.33454339 | BI62: 0.32842578 | BJ62: 0.31913626 | BK62: 0.30764418 | BL62: 0.30712272 | BM62: 0.3443681
A63: Danemark | B63: DNK | C63: Émissions de CO2 (kg par $ US de 2010 de PIB) | D63: EN.ATM.CO2E.KD.GD | AI63: 0.25729843 | AJ63: 0.30610928 | AK63: 0.27279619 | AL63: 0.28392664 | AM63: 0.28714571 | AN63: 0.26488461 | AO63: 0.31460131 | AP63: 0.26415035 | AQ63: 0.2425477 | AR63: 0.22383665 | AS63: 0.20005858 | AT63: 0.20462447 | AU63: 0.20215136 | AV63: 0.22154115 | AW63: 0.1957243 | AX63: 0.17870484 | AY63: 0.19914822 | AZ63: 0.18132148 | BA63: 0.17104975 | BB63: 0.17200224 | BC63: 0.16951669 | BD63: 0.1498075 | BE63: 0.13253829 | BF63: 0.13730688 | BG63: 0.12111787 | BH63: 0.11135745 | BI63: 0.11308979 | BJ63: 0.10327542 | BK63: 0.10110609 | BL63: 0.089285246 | BM63: 0.084293529
A64: République dominicaine | B64: DOM | C64: Émissions de CO2 (kg par $ US de 2010 de PIB) | D64: EN.ATM.CO2E.KD.GD | AI64: 0.39340233 | AJ64: 0.40801236 | AK64: 0.42884583 | AL64: 0.39527787 | AM64: 0.45073092 | AN64: 0.45353143 | AO64: 0.45988109 | AP64: 0.48122818 | AQ64: 0.51666013 | AR64: 0.52226301 | AS64: 0.52358345 | AT64: 0.51958451 | AU64: 0.54700986 | AV64: 0.49715277 | AW64: 0.44734388 | AX64: 0.44212082 | AY64: 0.44131784 | AZ64: 0.41605957 | BA64: 0.40223214 | BB64: 0.38057113 | BC64: 0.36956777 | BD64: 0.36237844 | BE64: 0.36574025 | BF64: 0.34239637 | BG64: 0.32230239 | BH64: 0.33149101 | BI64: 0.32400866 | BJ64: 0.29644397 | BK64: 0.29844676 | BL64: 0.28867681 | BM64: 0.27472813
A65: Algérie | B65: DZA | C65: Émissions de CO2 (kg par $ US de 2010 de PIB) | D65: EN.ATM.CO2E.KD.GD | AI65: 0.7821102 | AJ65: 0.83552626 | AK65: 0.82589379 | AL65: 0.91143826 | AM65: 0.93738049 | AN65: 0.93783405 | AO65: 0.89716829 | AP65: 0.86769879 | AQ65: 0.8279882 | AR65: 0.83301202 | AS65: 0.82883196 | AT65: 0.79060429 | AU65: 0.7844608 | AV65: 0.78314199 | AW65: 0.76195599 | AX65: 0.75725294 | AY65: 0.78903045 | AZ65: 0.78557472 | BA65: 0.80445918 | BB65: 0.82432107 | BC65: 0.80991448 | BD65: 0.83262352 | BE65: 0.89957532 | BF65: 0.90159703 | BG65: 0.92301553 | BH65: 0.94152145 | BI65: 0.90287696 | BJ65: 0.90886826 | BK65: 0.93698477 | BL65: 0.96181038 | BM65: 0.95991093
A66: Asie de l’Est et Pacifique (hors revenu élevé) | B66: EAP | C66: Émissions de CO2 (kg par $ US de 2010 de PIB) | D66: EN.ATM.CO2E.KD.GD | AI66: 1.5673192 | AJ66: 1.5367244 | AK66: 1.4445801 | AL66: 1.4132349 | AM66: 1.3353576 | AN66: 1.3530454 | AO66: 1.248957 | AP66: 1.1980898 | AQ66: 1.1890822 | AR66: 1.1055384 | AS66: 1.0834685 | AT66: 1.0678653 | AU66: 1.0556519 | AV66: 1.1101946 | AW66: 1.1594034 | AX66: 1.1830268 | AY66: 1.1652013 | AZ66: 1.1186165 | BA66: 1.0601007 | BB66: 1.0412872 | BC66: 1.0373774 | BD66: 1.0400765 | BE66: 0.99380388 | BF66: 0.96414907 | BG66: 0.91080472 | BH66: 0.84467399 | BI66: 0.79530602 | BJ66: 0.76618011 | BK66: 0.75682707 | BL66: 0.7342869 | BM66: 0.73246344
A67: de dividende précoce démographique | B67: EAR | C67: Émissions de CO2 (kg par $ US de 2010 de PIB) | D67: EN.ATM.CO2E.KD.GD | AI67: 0.69058862 | AJ67: 0.69244448 | AK67: 0.68340729 | AL67: 0.68337647 | AM67: 0.69222985 | AN67: 0.70625227 | AO67: 0.70047171 | AP67: 0.70091707 | AQ67: 0.70458985 | AR67: 0.71244858 | AS67: 0.70799639 | AT67: 0.71795362 | AU67: 0.72723315 | AV67: 0.71877832 | AW67: 0.71337924 | AX67: 0.70253888 | AY67: 0.69872124 | AZ67: 0.70073771 | BA67: 0.7033194 | BB67: 0.71969286 | BC67: 0.70925164 | BD67: 0.70241299 | BE67: 0.70706123 | BF67: 0.68710956 | BG67: 0.69323313 | BH67: 0.66940069 | BI67: 0.65152591 | BJ67: 0.6465174 | BK67: 0.63752716 | BL67: 0.61987725 | BM67: 0.59988464
A68: Asie de l’Est et Pacifique | B68: EAS | C68: Émissions de CO2 (kg par $ US de 2010 de PIB) | D68: EN.ATM.CO2E.KD.GD | AI68: 0.64336268 | AJ68: 0.64211698 | AK68: 0.63881321 | AL68: 0.65152305 | AM68: 0.64943077 | AN68: 0.66547987 | AO68: 0.63849727 | AP68: 0.62769937 | AQ68: 0.62407966 | AR68: 0.60559016 | AS68: 0.60259653 | AT68: 0.60511032 | AU68: 0.61075617 | AV68: 0.6412544 | AW68: 0.66870807 | AX68: 0.68891265 | AY68: 0.69294734 | AZ68: 0.68895578 | BA68: 0.67183438 | BB68: 0.68409372 | BC68: 0.6908391 | BD68: 0.70705889 | BE68: 0.6899698 | BF68: 0.67792168 | BG68: 0.64948208 | BH68: 0.61423166 | BI68: 0.58862363 | BJ68: 0.57351776 | BK68: 0.56984895 | BL68: 0.55824175 | BM68: 0.55925185
A69: Europe et Asie centrale (hors revenu élevé) | B69: ECA | C69: Émissions de CO2 (kg par $ US de 2010 de PIB) | D69: EN.ATM.CO2E.KD.GD | AI69: 1.9823218 | AJ69: 2.0265016 | AK69: 2.1320407 | AL69: 2.0673974 | AM69: 2.0659825 | AN69: 2.0360858 | AO69: 1.9703852 | AP69: 1.8166181 | AQ69: 1.8445582 | AR69: 1.7983527 | AS69: 1.7023784 | AT69: 1.6511307 | AU69: 1.5858335 | AV69: 1.544677 | AW69: 1.4261286 | AX69: 1.3357929 | AY69: 1.2853123 | AZ69: 1.2162693 | BA69: 1.1827205 | BB69: 1.1575773 | BC69: 1.151249 | BD69: 1.1429196 | BE69: 1.0854063 | BF69: 1.023851 | BG69: 0.97089959 | BH69: 0.93771976 | BI69: 0.93382497 | BJ69: 0.91847598 | BK69: 0.91558269 | BL69: 0.89806361 | BM69: 0.88076116
A70: Europe et Asie centrale | B70: ECS | C70: Émissions de CO2 (kg par $ US de 2010 de PIB) | D70: EN.ATM.CO2E.KD.GD | AI70: 0.59372037 | AJ70: 0.58220318 | AK70: 0.55936771 | AL70: 0.53430654 | AM70: 0.50019938 | AN70: 0.48605167 | AO70: 0.47947573 | AP70: 0.44960889 | AQ70: 0.43790977 | AR70: 0.42183723 | AS70: 0.40914074 | AT70: 0.40371518 | AU70: 0.39814732 | AV70: 0.40360071 | AW70: 0.39142087 | AX70: 0.38093561 | AY70: 0.37328416 | AZ70: 0.36006804 | BA70: 0.35378787 | BB70: 0.34242109 | BC70: 0.34616896 | BD70: 0.33901393 | BE70: 0.3341978 | BF70: 0.32438556 | BG70: 0.30418102 | BH70: 0.29656561 | BI70: 0.29226182 | BJ70: 0.28712578 | BK70: 0.2816481 | BL70: 0.27022534 | BM70: 0.26729665
A71: Équateur | B71: ECU | C71: Émissions de CO2 (kg par $ US de 2010 de PIB) | D71: EN.ATM.CO2E.KD.GD | AI71: 0.35305035 | AJ71: 0.34549662 | AK71: 0.36209319 | AL71: 0.3573547 | AM71: 0.38018955 | AN71: 0.41361051 | AO71: 0.46643013 | AP71: 0.46488964 | AQ71: 0.44145788 | AR71: 0.40934255 | AS71: 0.41311018 | AT71: 0.43678505 | AU71: 0.41822487 | AV71: 0.41528266 | AW71: 0.40745973 | AX71: 0.41717888 | AY71: 0.42657099 | AZ71: 0.42449003 | BA71: 0.41282412 | BB71: 0.44690699 | BC71: 0.46616896 | BD71: 0.43033965 | BE71: 0.40723045 | BF71: 0.41540845 | BG71: 0.42141575 | BH71: 0.41686113 | BI71: 0.40573677 | BJ71: 0.38397461 | BK71: 0.3960396 | BL71: 0.38968108 | BM71: 0.36713877
A72: Égypte, République arabe d’ | B72: EGY | C72: Émissions de CO2 (kg par $ US de 2010 de PIB) | D72: EN.ATM.CO2E.KD.GD | AI72: 0.76190247 | AJ72: 0.7673687 | AK72: 0.74712343 | AL72: 0.74010572 | AM72: 0.67524923 | AN72: 0.68802825 | AO72: 0.69181981 | AP72: 0.70297755 | AQ72: 0.69677191 | AR72: 0.68987319 | AS72: 0.63786942 | AT72: 0.68107674 | AU72: 0.67954539 | AV72: 0.67672471 | AW72: 0.70624552 | AX72: 0.75888143 | AY72: 0.74761121 | AZ72: 0.74985424 | BA72: 0.72472879 | BB72: 0.72053119 | BC72: 0.69445615 | BD72: 0.70099479 | BE72: 0.71650049 | BF72: 0.69744399 | BG72: 0.6943665 | BH72: 0.6870266 | BI72: 0.68500863 | BJ72: 0.6829727 | BK72: 0.63101812 | BL72: 0.54739751 | BM72: 0.51127031
A73: Zone euro | B73: EMU | C73: Émissions de CO2 (kg par $ US de 2010 de PIB) | D73: EN.ATM.CO2E.KD.GD | AI73: 0.3292162 | AJ73: 0.32260377 | AK73: 0.30900109 | AL73: 0.30459679 | AM73: 0.29722087 | AN73: 0.29572084 | AO73: 0.29728949 | AP73: 0.28644406 | AQ73: 0.28243582 | AR73: 0.27254066 | AS73: 0.26425978 | AT73: 0.2631856 | AU73: 0.26120202 | AV73: 0.26494416 | AW73: 0.26020937 | AX73: 0.2551976 | AY73: 0.24571116 | AZ73: 0.23529944 | BA73: 0.22931425 | BB73: 0.22223882 | BC73: 0.22319344 | BD73: 0.21154751 | BE73: 0.21070596 | BF73: 0.2067998 | BG73: 0.19307514 | BH73: 0.19324985 | BI73: 0.18971547 | BJ73: 0.18512797 | BK73: 0.17730728 | BL73: 0.16605836 | BM73: 0.15804385
A74: Érythrée | B74: ERI | C74: Émissions de CO2 (kg par $ US de 2010 de PIB) | D74: EN.ATM.CO2E.KD.GD | AK74: 0.37725356 | AL74: 0.48133328 | AM74: 0.46000129 | AN74: 0.48762112 | AO74: 0.48761418 | AP74: 0.42781418 | AQ74: 0.31170015 | AR74: 0.32964715 | AS74: 0.33342658 | AT74: 0.33550446 | AU74: 0.31924256 | AV74: 0.33076658 | AW74: 0.3348485 | AX74: 0.27369818 | AY74: 0.24814082 | AZ74: 0.23862128 | BA74: 0.23008053 | BB74: 0.23062402 | BC74: 0.24261357 | BD74: 0.26448895
A75: Espagne | B75: ESP | C75: Émissions de CO2 (kg par $ US de 2010 de PIB) | D75: EN.ATM.CO2E.KD.GD | AI75: 0.29153526 | AJ75: 0.29375257 | AK75: 0.30450619 | AL75: 0.2887588 | AM75: 0.29545232 | AN75: 0.30277094 | AO75: 0.28210806 | AP75: 0.29389439 | AQ75: 0.29014719 | AR75: 0.30161291 | AS75: 0.30203954 | AT75: 0.29206877 | AU75: 0.3016322 | AV75: 0.29842772 | AW75: 0.30474101 | AX75: 0.3070931 | AY75: 0.28764862 | AZ75: 0.28812519 | BA75: 0.26110647 | BB75: 0.24107597 | BC75: 0.22899712 | BD75: 0.23199704 | BE75: 0.234567 | BF75: 0.21459262 | BG75: 0.21006302 | BH75: 0.21506475 | BI75: 0.20142264 | BJ75: 0.20858024 | BK75: 0.1990298 | BL75: 0.18270498 | BM75: 0.17235824
A76: Estonie | B76: EST | C76: Émissions de CO2 (kg par $ US de 2010 de PIB) | D76: EN.ATM.CO2E.KD.GD | AN76: 1.6089398 | AO76: 1.6244029 | AP76: 1.4680021 | AQ76: 1.2942286 | AR76: 1.2253414 | AS76: 1.0731869 | AT76: 1.0326908 | AU76: 0.93947458 | AV76: 0.98446868 | AW76: 0.92578613 | AX76: 0.84792142 | AY76: 0.73949829 | AZ76: 0.84443739 | BA76: 0.78724881 | BB76: 0.74102803 | BC76: 0.95261342 | BD76: 0.8882149 | BE76: 0.79005032 | BF76: 0.86383245 | BG76: 0.78288949 | BH76: 0.62807433 | BI76: 0.6736601 | BJ76: 0.67145632 | BK76: 0.60621925 | BL76: 0.37406409 | BM76: 0.26535301
A77: Éthiopie | B77: ETH | C77: Émissions de CO2 (kg par $ US de 2010 de PIB) | D77: EN.ATM.CO2E.KD.GD | AI77: 0.17472861 | AJ77: 0.18998239 | AK77: 0.13527613 | AL77: 0.15298327 | AM77: 0.17269955 | AN77: 0.18527314 | AO77: 0.18372825 | AP77: 0.18980656 | AQ77: 0.20748226 | AR77: 0.19417994 | AS77: 0.20498399 | AT77: 0.23419809 | AU77: 0.23962497 | AV77: 0.26907555 | AW77: 0.25162781 | AX77: 0.2130213 | AY77: 0.20572091 | AZ77: 0.2036554 | BA77: 0.1999819 | BB77: 0.18512847 | BC77: 0.16294172 | BD77: 0.17097258 | BE77: 0.17835911 | BF77: 0.19204148 | BG77: 0.21347721 | BH77: 0.20198848 | BI77: 0.21571438 | BJ77: 0.20508623 | BK77: 0.20585305 | BL77: 0.19754571 | BM77: 0.19036144
A78: Union européenne | B78: EUU | C78: Émissions de CO2 (kg par $ US de 2010 de PIB) | D78: EN.ATM.CO2E.KD.GD | AI78: 0.39418863 | AJ78: 0.38294421 | AK78: 0.36609412 | AL78: 0.36136168 | AM78: 0.35089742 | AN78: 0.34702529 | AO78: 0.35062913 | AP78: 0.33481989 | AQ78: 0.32419105 | AR78: 0.30955471 | AS78: 0.29872839 | AT78: 0.29732018 | AU78: 0.29335017 | AV78: 0.29836156 | AW78: 0.29118399 | AX78: 0.28429433 | AY78: 0.27536845 | AZ78: 0.26376419 | BA78: 0.25613331 | BB78: 0.24818552 | BC78: 0.24934461 | BD78: 0.23750934 | BE78: 0.23456898 | BF78: 0.22887551 | BG78: 0.21437411 | BH78: 0.2137662 | BI78: 0.2103625 | BJ78: 0.20628377 | BK78: 0.19768146 | BL78: 0.18482205 | BM78: 0.17689402
A79: Fragile et les situations de conflit touchées | B79: FCS | C79: Émissions de CO2 (kg par $ US de 2010 de PIB) | D79: EN.ATM.CO2E.KD.GD | AI79: 1.3162363 | AJ79: 1.37438 | AK79: 1.3018482 | AL79: 1.2552408 | AM79: 1.2064706 | AN79: 1.2185673 | AO79: 1.1414669 | AP79: 1.096762 | AQ79: 0.97586515 | AR79: 0.91723342 | AS79: 0.89793655 | AT79: 0.88858933 | AU79: 0.8421119 | AV79: 0.86259441 | AW79: 0.76693047 | AX79: 0.73623545 | AY79: 0.69740993 | AZ79: 0.65357671 | BA79: 0.64086418 | BB79: 0.59141116 | BC79: 0.59745564 | BD79: 0.60053589 | BE79: 0.59828834 | BF79: 0.58796443 | BG79: 0.56044172 | BH79: 0.50344668 | BI79: 0.49947782 | BJ79: 0.48242596 | BK79: 0.48663937 | BL79: 0.46963675 | BM79: 0.43949377
A80: Finlande | B80: FIN | C80: Émissions de CO2 (kg par $ US de 2010 de PIB) | D80: EN.ATM.CO2E.KD.GD | AI80: 0.34981688 | AJ80: 0.37557844 | AK80: 0.36828215 | AL80: 0.37911336 | AM80: 0.40876469 | AN80: 0.36712442 | AO80: 0.39506075 | AP80: 0.35994858 | AQ80: 0.32241374 | AR80: 0.30480966 | AS80: 0.28096989 | AT80: 0.30359508 | AU80: 0.30999005 | AV80: 0.34350935 | AW80: 0.31178053 | AX80: 0.24856701 | AY80: 0.28876892 | AZ80: 0.26637143 | BA80: 0.23002466 | BB80: 0.23928035 | BC80: 0.2676108 | BD80: 0.23006494 | BE80: 0.20913411 | BF80: 0.21438231 | BG80: 0.19789279 | BH80: 0.1825549 | BI80: 0.18952697 | BJ80: 0.1728734 | BK80: 0.17640928 | BL80: 0.16089515 | BM80: 0.14605277
A81: Fidji | B81: FJI | C81: Émissions de CO2 (kg par $ US de 2010 de PIB) | D81: EN.ATM.CO2E.KD.GD | AI81: 0.2699827 | AJ81: 0.28065408 | AK81: 0.27816345 | AL81: 0.26759971 | AM81: 0.25401294 | AN81: 0.25059797 | AO81: 0.25723069 | AP81: 0.25563658 | AQ81: 0.24604312 | AR81: 0.23206581 | AS81: 0.25116886 | AT81: 0.30623758 | AU81: 0.25013706 | AV81: 0.29270247 | AW81: 0.35389222 | AX81: 0.28525237 | AY81: 0.31376815 | AZ81: 0.2976835 | BA81: 0.22536551 | BB81: 0.20293757 | BC81: 0.2895643 | BD81: 0.2642898 | BE81: 0.24523373 | BF81: 0.25144757 | BG81: 0.27084506 | BH81: 0.26989972 | BI81: 0.24986465 | BJ81: 0.26338608 | BK81: 0.26440654 | BL81: 0.26715821 | BM81: 0.23761275
A82: France | B82: FRA | C82: Émissions de CO2 (kg par $ US de 2010 de PIB) | D82: EN.ATM.CO2E.KD.GD | AI82: 0.21449632 | AJ82: 0.22680418 | AK82: 0.21617634 | AL82: 0.20625469 | AM82: 0.19859156 | AN82: 0.19890259 | AO82: 0.20485905 | AP82: 0.19538432 | AQ82: 0.2001916 | AR82: 0.19043126 | AS82: 0.18237766 | AT82: 0.18056679 | AU82: 0.17584228 | AV82: 0.1770716 | AW82: 0.17270593 | AX82: 0.17116938 | AY82: 0.16309556 | AZ82: 0.15551271 | BA82: 0.15304888 | BB82: 0.15127338 | BC82: 0.15013159 | BD82: 0.14146008 | BE82: 0.14240056 | BF82: 0.1416422 | BG82: 0.12685493 | BH82: 0.12757332 | BI82: 0.12726957 | BJ82: 0.12595921 | BK82: 0.11946036 | BL82: 0.11485791 | BM82: 0.11041765
A83: Îles Féroé | B83: FRO | C83: Émissions de CO2 (kg par $ US de 2010 de PIB) | D83: EN.ATM.CO2E.KD.GD
A84: Micronésie, États fédérés de | B84: FSM | C84: Émissions de CO2 (kg par $ US de 2010 de PIB) | D84: EN.ATM.CO2E.KD.GD | AI84: 0 | AJ84: 0 | AK84: 0.51565573 | AL84: 0.50951212 | AM84: 0.54475773 | AN84: 0.59090794 | AO84: 0.63113767 | AP84: 0.70771919 | AQ84: 0.73151712 | AR84: 0.67203139 | AS84: 0.60244621 | AT84: 0.54747826 | AU84: 0.49565456 | AV84: 0.5194259 | AW84: 0.47613793 | AX84: 0.3808937 | AY84: 0.37683538 | AZ84: 0.43091638 | BA84: 0.38130999 | BB84: 0.49024642 | BC84: 0.33136934 | BD84: 0.36417104 | BE84: 0.41184811 | BF84: 0.44728192 | BG84: 0.46610289 | BH84: 0.45783452 | BI84: 0.46063918 | BJ84: 0.44738685 | BK84: 0.44978949 | BL84: 0.44576988 | BM84: 0.33255277
A85: Gabon | B85: GAB | C85: Émissions de CO2 (kg par $ US de 2010 de PIB) | D85: EN.ATM.CO2E.KD.GD | AI85: 0.49877514 | AJ85: 0.52249808 | AK85: 0.5362386 | AL85: 0.52988748 | AM85: 0.50659056 | AN85: 0.54485468 | AO85: 0.58583195 | AP85: 0.53102949 | AQ85: 0.58920199 | AR85: 0.61039939 | AS85: 0.62749164 | AT85: 0.62910112 | AU85: 0.60328511 | AV85: 0.63767988 | AW85: 0.59933694 | AX85: 0.58057228 | AY85: 0.53608785 | AZ85: 0.45957256 | BA85: 0.50718139 | BB85: 0.50027782 | BC85: 0.51690041 | BD85: 0.48393129 | BE85: 0.44584617 | BF85: 0.43623453 | BG85: 0.43059623 | BH85: 0.42520713 | BI85: 0.4347408 | BJ85: 0.36227089 | BK85: 0.34418357 | BL85: 0.34116543 | BM85: 0.35247482
A86: Royaume-Uni | B86: GBR | C86: Émissions de CO2 (kg par $ US de 2010 de PIB) | D86: EN.ATM.CO2E.KD.GD | AI86: 0.31783724 | AJ86: 0.3264781 | AK86: 0.31788273 | AL86: 0.30098187 | AM86: 0.28651916 | AN86: 0.27507156 | AO86: 0.27765099 | AP86: 0.25429215 | AQ86: 0.24674536 | AR86: 0.23792649 | AS86: 0.23162604 | AT86: 0.23191687 | AU86: 0.22178529 | AV86: 0.21998246 | AW86: 0.2147864 | AX86: 0.20822948 | AY86: 0.20380641 | AZ86: 0.19436759 | BA86: 0.18923784 | BB86: 0.17959004 | BC86: 0.18174028 | BD86: 0.16590894 | BE86: 0.17157146 | BF86: 0.1634875 | BG86: 0.14509887 | BH86: 0.13698343 | BI86: 0.12806121 | BJ86: 0.11975104 | BK86: 0.11606898 | BL86: 0.10956344 | BM86: 0.10905269
A87: Géorgie | B87: GEO | C87: Émissions de CO2 (kg par $ US de 2010 de PIB) | D87: EN.ATM.CO2E.KD.GD | AI87: 1.966622 | AJ87: 1.8984163 | AK87: 2.7114982 | AL87: 3.0749333 | AM87: 2.2270645 | AN87: 1.6995557 | AO87: 1.189329 | AP87: 0.93332789 | AQ87: 0.81853251 | AR87: 0.72105327 | AS87: 0.74727337 | AT87: 0.52528616 | AU87: 0.41901979 | AV87: 0.4026494 | AW87: 0.40662222 | AX87: 0.46674096 | AY87: 0.47262296 | AZ87: 0.50244171 | BA87: 0.42188939 | BB87: 0.50895573 | BC87: 0.4533545 | BD87: 0.51746049 | BE87: 0.53630233 | BF87: 0.57738512 | BG87: 0.59623609 | BH87: 0.62856794 | BI87: 0.63773155 | BJ87: 0.61407059 | BK87: 0.57495147 | BL87: 0.59409014 | BM87: 0.61937233
A88: Ghana | B88: GHA | C88: Émissions de CO2 (kg par $ US de 2010 de PIB) | D88: EN.ATM.CO2E.KD.GD | AI88: 0.19114718 | AJ88: 0.16282406 | AK88: 0.1845477 | AL88: 0.17858748 | AM88: 0.18686554 | AN88: 0.19609898 | AO88: 0.20506743 | AP88: 0.20366217 | AQ88: 0.29349458 | AR88: 0.30077753 | AS88: 0.24671018 | AT88: 0.26094585 | AU88: 0.30590206 | AV88: 0.27819486 | AW88: 0.24460771 | AX88: 0.2468196 | AY88: 0.2857395 | AZ88: 0.29560699 | BA88: 0.2562987 | BB88: 0.28598374 | BC88: 0.29525502 | BD88: 0.26937372 | BE88: 0.29377386 | BF88: 0.29550874 | BG88: 0.27628573 | BH88: 0.28985745 | BI88: 0.28479596 | BJ88: 0.27406388 | BK88: 0.28602532 | BL88: 0.28878731 | BM88: 0.30900437
A89: Gibraltar | B89: GIB | C89: Émissions de CO2 (kg par $ US de 2010 de PIB) | D89: EN.ATM.CO2E.KD.GD
A90: Guinée | B90: GIN | C90: Émissions de CO2 (kg par $ US de 2010 de PIB) | D90: EN.ATM.CO2E.KD.GD | AI90: 0.28315727 | AJ90: 0.28307146 | AK90: 0.28223597 | AL90: 0.27629585 | AM90: 0.27473265 | AN90: 0.27190162 | AO90: 0.27572893 | AP90: 0.27482249 | AQ90: 0.2801044 | AR90: 0.28393755 | AS90: 0.28878809 | AT90: 0.2923125 | AU90: 0.28894425 | AV90: 0.29892804 | AW90: 0.30320932 | AX90: 0.30479696 | AY90: 0.3120112 | AZ90: 0.30394182 | BA90: 0.29693855 | BB90: 0.31691592 | BC90: 0.35626947 | BD90: 0.35336353 | BE90: 0.31417093 | BF90: 0.26444013 | BG90: 0.26277008 | BH90: 0.28681396 | BI90: 0.28797049 | BJ90: 0.30899734 | BK90: 0.32668248 | BL90: 0.37406911 | BM90: 0.35817667
A91: Gambie | B91: GMB | C91: Émissions de CO2 (kg par $ US de 2010 de PIB) | D91: EN.ATM.CO2E.KD.GD | AI91: 0.27996084 | AJ91: 0.27655011 | AK91: 0.26751172 | AL91: 0.27161881 | AM91: 0.27120023 | AN91: 0.28141472 | AO91: 0.2791011 | AP91: 0.27743733 | AQ91: 0.28629204 | AR91: 0.28555196 | AS91: 0.25493991 | AT91: 0.30376425 | AU91: 0.30135252 | AV91: 0.28198046 | AW91: 0.27977313 | AX91: 0.30008076 | AY91: 0.32712502 | AZ91: 0.36350139 | BA91: 0.35774119 | BB91: 0.38023929 | BC91: 0.32148779 | BD91: 0.36017487 | BE91: 0.34683112 | BF91: 0.32054524 | BG91: 0.38265511 | BH91: 0.42512694 | BI91: 0.42221857 | BJ91: 0.40897247 | BK91: 0.37853061 | BL91: 0.36178249 | BM91: 0.36232192
A92: Guinée-Bissau | B92: GNB | C92: Émissions de CO2 (kg par $ US de 2010 de PIB) | D92: EN.ATM.CO2E.KD.GD | AI92: 0.26361309 | AJ92: 0.25257214 | AK92: 0.25631864 | AL92: 0.26178965 | AM92: 0.25148059 | AN92: 0.24271858 | AO92: 0.2080848 | AP92: 0.21779333 | AQ92: 0.26468281 | AR92: 0.29117414 | AS92: 0.21189604 | AT92: 0.2090499 | AU92: 0.21882289 | AV92: 0.27637375 | AW92: 0.28314568 | AX92: 0.27698127 | AY92: 0.28003346 | AZ92: 0.28770369 | BA92: 0.27113374 | BB92: 0.27520071 | BC92: 0.2702473 | BD92: 0.2526264 | BE92: 0.25966738 | BF92: 0.25291064 | BG92: 0.26689709 | BH92: 0.26892962 | BI92: 0.27381808 | BJ92: 0.25987221 | BK92: 0.26595115 | BL92: 0.26050481 | BM92: 0.26994654
A93: Guinée équatoriale | B93: GNQ | C93: Émissions de CO2 (kg par $ US de 2010 de PIB) | D93: EN.ATM.CO2E.KD.GD | AI93: 0.40061382 | AJ93: 0.42219752 | AK93: 3.8924564 | AL93: 3.7878634 | AM93: 3.499884 | AN93: 3.1675515 | AO93: 2.0852028 | AP93: 1.1494798 | AQ93: 1.128963 | AR93: 1.4479273 | AS93: 0.73419909 | AT93: 0.65574394 | AU93: 0.48266391 | AV93: 0.46548659 | AW93: 0.66581547 | AX93: 0.57983808 | AY93: 0.53591091 | AZ93: 0.52661966 | BA93: 0.41100207 | BB93: 0.42298642 | BC93: 0.46303217 | BD93: 0.43764271 | BE93: 0.3894424 | BF93: 0.41461509 | BG93: 0.40990964 | BH93: 0.41668509 | BI93: 0.48491191 | BJ93: 0.47341631 | BK93: 0.47661904 | BL93: 0.48515983 | BM93: 0.45459867
A94: Grèce | B94: GRC | C94: Émissions de CO2 (kg par $ US de 2010 de PIB) | D94: EN.ATM.CO2E.KD.GD | AI94: 0.47765728 | AJ94: 0.46451189 | AK94: 0.47563465 | AL94: 0.48283681 | AM94: 0.48331012 | AN94: 0.49179768 | AO94: 0.47764709 | AP94: 0.46271606 | AQ94: 0.46326405 | AR94: 0.45083819 | AS94: 0.46890423 | AT94: 0.46053543 | AU94: 0.44309797 | AV94: 0.43452639 | AW94: 0.41205917 | AX94: 0.41823122 | AY94: 0.39102341 | AZ94: 0.39219027 | BA94: 0.37878023 | BB94: 0.37346942 | BC94: 0.36524516 | BD94: 0.39243235 | BE94: 0.40007414 | BF94: 0.3714477 | BG94: 0.35471726 | BH94: 0.34755199 | BI94: 0.34328829 | BJ94: 0.33930983 | BK94: 0.32487636 | BL94: 0.29420998 | BM94: 0.27582695
A95: Grenade | B95: GRD | C95: Émissions de CO2 (kg par $ US de 2010 de PIB) | D95: EN.ATM.CO2E.KD.GD | AI95: 0.22527214 | AJ95: 0.23553676 | AK95: 0.24477522 | AL95: 0.25722531 | AM95: 0.27172149 | AN95: 0.28616811 | AO95: 0.31729061 | AP95: 0.3199508 | AQ95: 0.30942955 | AR95: 0.29998732 | AS95: 0.27680834 | AT95: 0.29476067 | AU95: 0.28950403 | AV95: 0.28043066 | AW95: 0.27416472 | AX95: 0.25453558 | AY95: 0.2743148 | AZ95: 0.27481312 | BA95: 0.28384802 | BB95: 0.30499512 | BC95: 0.31964707 | BD95: 0.30180058 | BE95: 0.32679213 | BF95: 0.36340778 | BG95: 0.27064858 | BH95: 0.27341823 | BI95: 0.26820291 | BJ95: 0.26615432 | BK95: 0.28412703 | BL95: 0.3050384 | BM95: 0.33152508
A96: Groenland | B96: GRL | C96: Émissions de CO2 (kg par $ US de 2010 de PIB) | D96: EN.ATM.CO2E.KD.GD
A97: Guatemala | B97: GTM | C97: Émissions de CO2 (kg par $ US de 2010 de PIB) | D97: EN.ATM.CO2E.KD.GD | AI97: 0.15892161 | AJ97: 0.15731742 | AK97: 0.1798179 | AL97: 0.18315416 | AM97: 0.18731479 | AN97: 0.20875838 | AO97: 0.1974415 | AP97: 0.20029786 | AQ97: 0.24129503 | AR97: 0.22992776 | AS97: 0.2549915 | AT97: 0.25964688 | AU97: 0.26667345 | AV97: 0.26185698 | AW97: 0.25897821 | AX97: 0.26884161 | AY97: 0.25502001 | AZ97: 0.25834399 | BA97: 0.22658994 | BB97: 0.23776018 | BC97: 0.22318467 | BD97: 0.21981294 | BE97: 0.22087403 | BF97: 0.22808449 | BG97: 0.23431845 | BH97: 0.26462359 | BI97: 0.27332105 | BJ97: 0.25114935 | BK97: 0.26558424 | BL97: 0.26863301 | BM97: 0.24257336
A98: Guam | B98: GUM | C98: Émissions de CO2 (kg par $ US de 2010 de PIB) | D98: EN.ATM.CO2E.KD.GD
A99: Guyana | B99: GUY | C99: Émissions de CO2 (kg par $ US de 2010 de PIB) | D99: EN.ATM.CO2E.KD.GD | AI99: 0.65738785 | AJ99: 0.60518782 | AK99: 0.53044984 | AL99: 0.49322081 | AM99: 0.59077926 | AN99: 0.60924884 | AO99: 0.58256614 | AP99: 0.59803458 | AQ99: 0.61721848 | AR99: 0.59542545 | AS99: 0.57740158 | AT99: 0.55892262 | AU99: 0.5453 | AV99: 0.54738222 | AW99: 0.55691276 | AX99: 0.50340375 | AY99: 0.43075012 | AZ99: 0.48398321 | BA99: 0.47519029 | BB99: 0.46534748 | BC99: 0.4831314 | BD99: 0.47814072 | BE99: 0.49613291 | BF99: 0.4726176 | BG99: 0.48543224 | BH99: 0.4859831 | BI99: 0.55789227 | BJ99: 0.53676637 | BK99: 0.53748119 | BL99: 0.55134754 | BM99: 0.38050295
A100: Revenu élevé | B100: HIC | C100: Émissions de CO2 (kg par $ US de 2010 de PIB) | D100: EN.ATM.CO2E.KD.GD | AI100: 0.40750261 | AJ100: 0.40198723 | AK100: 0.39470805 | AL100: 0.39206201 | AM100: 0.38555796 | AN100: 0.38022048 | AO100: 0.38037661 | AP100: 0.37458281 | AQ100: 0.36372398 | AR100: 0.35367179 | AS100: 0.34734394 | AT100: 0.34392879 | AU100: 0.3365614 | AV100: 0.33518433 | AW100: 0.32754993 | AX100: 0.31949785 | AY100: 0.30861577 | AZ100: 0.30422686 | BA100: 0.29648724 | BB100: 0.2891008 | BC100: 0.29275205 | BD100: 0.28225541 | BE100: 0.27518462 | BF100: 0.27306572 | BG100: 0.26321483 | BH100: 0.25628907 | BI100: 0.24976011 | BJ100: 0.24241359 | BK100: 0.23726469 | BL100: 0.22644056 | BM100: 0.2163398
A101: Chine, RAS de Hong Kong | B101: HKG | C101: Émissions de CO2 (kg par $ US de 2010 de PIB) | D101: EN.ATM.CO2E.KD.GD
...

Sheet Feuil11
A1: Last Updated Date | B1: 45343 | C1: 2020 | D1: 2020 | E1: 2015 | F1: 2020 | G1: 2020 | H1: 2020 | I1: 2015 | J1: 2021 | K1: 2020 | L1: 2022
C2: Terres agricoles (% du territoire) | D2: Émissions de CO2 (kg par $ US de 2010 de PIB) | E2: Superficie des zones urbaines (km2) | F2: Retraits annuels d’eau douce, total (milliards de mètres cubes) | G2: Level of water stress: freshwater withdrawal as a proportion of available freshwater resources | H2: Émissions de CO2 (tonnes métriques par habitant) | I2: Production d’électricité renouvelable (% de la production totale d’électricité) | J2: Accès à l’électricité (% de la population) | K2: Hauteur moyenne des précipitations (mm par an) | L2: PIB par habitant ($ US courants)
A3: Country Name | B3: Country Code
A4: Angola | B4: AGO | C4: =VLOOKUP(Feuil11!B4,Feuil1!B:D,3,FALSE) -> 36.8107804604155 | D4: =VLOOKUP(Feuil11!B4,Feuil2!B:C,2,FALSE) -> 0.24342379 | E4: =VLOOKUP(Feuil11!B4,Feuil3!B:C,2,FALSE) -> 2991.3469865533 | F4: =VLOOKUP(Feuil11!B4,Feuil4!B:C,2,FALSE) -> 0.7057 | G4: =VLOOKUP(Feuil11!B4,Feuil5!B:C,2,FALSE) -> 1.8718833 | H4: =VLOOKUP(Feuil11!B4,Feuil6!B:C,2,FALSE) -> 0.59274297 | I4: =VLOOKUP(Feuil11!B4,Feuil7!B:C,2,FALSE) -> 53.174928 | J4: =VLOOKUP(Feuil11!B4,Feuil8!B:C,2,FALSE) -> 48.223854 | K4: =VLOOKUP(Feuil11!B4,Feuil9!B:C,2,FALSE) -> 1010 | L4: =VLOOKUP(Feuil11!B4,Feuil10!B:C,2,FALSE) -> 3000.4442
A5: Albanie | B5: ALB | C5: =VLOOKUP(Feuil11!B5,Feuil1!B:D,3,FALSE) -> 42.538503649635 | D5: =VLOOKUP(Feuil11!B5,Feuil2!B:C,2,FALSE) -> 0.34955163 | E5: =VLOOKUP(Feuil11!B5,Feuil3!B:C,2,FALSE) -> 827.69395654173 | F5: =VLOOKUP(Feuil11!B5,Feuil4!B:C,2,FALSE) -> 0.786 | G5: =VLOOKUP(Feuil11!B5,Feuil5!B:C,2,FALSE) -> 4.7235577 | H5: =VLOOKUP(Feuil11!B5,Feuil6!B:C,2,FALSE) -> 1.5445501 | I5: =VLOOKUP(Feuil11!B5,Feuil7!B:C,2,FALSE) -> 100 | J5: =VLOOKUP(Feuil11!B5,Feuil8!B:C,2,FALSE) -> 100 | K5: =VLOOKUP(Feuil11!B5,Feuil9!B:C,2,FALSE) -> 1485 | L5: =VLOOKUP(Feuil11!B5,Feuil10!B:C,2,FALSE) -> 6810.114
A6: Émirats arabes unis | B6: ARE | C6: =VLOOKUP(Feuil11!B6,Feuil1!B:D,3,FALSE) -> 5.48859476203886 | D6: =VLOOKUP(Feuil11!B6,Feuil2!B:C,2,FALSE) -> 0.49065424 | E6: =VLOOKUP(Feuil11!B6,Feuil3!B:C,2,FALSE) -> 2263.10504571 | F6: =VLOOKUP(Feuil11!B6,Feuil4!B:C,2,FALSE) -> 2.381 | G6: =VLOOKUP(Feuil11!B6,Feuil5!B:C,2,FALSE) -> 1587.3333 | H6: =VLOOKUP(Feuil11!B6,Feuil6!B:C,2,FALSE) -> 20.252272 | I6: =VLOOKUP(Feuil11!B6,Feuil7!B:C,2,FALSE) -> 0.23240111 | J6: =VLOOKUP(Feuil11!B6,Feuil8!B:C,2,FALSE) -> 100 | K6: =VLOOKUP(Feuil11!B6,Feuil9!B:C,2,FALSE) -> 78 | L6: =VLOOKUP(Feuil11!B6,Feuil10!B:C,2,FALSE) -> 53707.98
A7: Argentine | B7: ARG | C7: =VLOOKUP(Feuil11!B7,Feuil1!B:D,3,FALSE) -> 43.0292651706989 | D7: =VLOOKUP(Feuil11!B7,Feuil2!B:C,2,FALSE) -> 0.30014294 | E7: =VLOOKUP(Feuil11!B7,Feuil3!B:C,2,FALSE) -> 11432.7305610191 | F7: =VLOOKUP(Feuil11!B7,Feuil4!B:C,2,FALSE) -> 37.69 | G7: =VLOOKUP(Feuil11!B7,Feuil5!B:C,2,FALSE) -> 10.456664 | H7: =VLOOKUP(Feuil11!B7,Feuil6!B:C,2,FALSE) -> 3.4056175 | I7: =VLOOKUP(Feuil11!B7,Feuil7!B:C,2,FALSE) -> 28.140069 | J7: =VLOOKUP(Feuil11!B7,Feuil8!B:C,2,FALSE) -> 100 | K7: =VLOOKUP(Feuil11!B7,Feuil9!B:C,2,FALSE) -> 591 | L7: =VLOOKUP(Feuil11!B7,Feuil10!B:C,2,FALSE) -> 13650.605
A8: Arménie | B8: ARM | C8: =VLOOKUP(Feuil11!B8,Feuil1!B:D,3,FALSE) -> 58.8689848963822 | D8: =VLOOKUP(Feuil11!B8,Feuil2!B:C,2,FALSE) -> 0.56499286 | E8: =VLOOKUP(Feuil11!B8,Feuil3!B:C,2,FALSE) -> 922.33502653 | F8: =VLOOKUP(Feuil11!B8,Feuil4!B:C,2,FALSE) -> 2.83 | G8: =VLOOKUP(Feuil11!B8,Feuil5!B:C,2,FALSE) -> 57.090982 | H8: =VLOOKUP(Feuil11!B8,Feuil6!B:C,2,FALSE) -> 2.4046838 | I8: =VLOOKUP(Feuil11!B8,Feuil7!B:C,2,FALSE) -> 28.336966 | J8: =VLOOKUP(Feuil11!B8,Feuil8!B:C,2,FALSE) -> 100 | K8: =VLOOKUP(Feuil11!B8,Feuil9!B:C,2,FALSE) -> 562 | L8: =VLOOKUP(Feuil11!B8,Feuil10!B:C,2,FALSE) -> 7018.0515
A9: Australie | B9: AUS | C9: =VLOOKUP(Feuil11!B9,Feuil1!B:D,3,FALSE) -> 46.2524798427461 | D9: =VLOOKUP(Feuil11!B9,Feuil2!B:C,2,FALSE) -> 0.25439944 | E9: =VLOOKUP(Feuil11!B9,Feuil3!B:C,2,FALSE) -> 11945.986036946 | F9: =VLOOKUP(Feuil11!B9,Feuil4!B:C,2,FALSE) -> 8.64 | G9: =VLOOKUP(Feuil11!B9,Feuil5!B:C,2,FALSE) -> 3.4740651 | H9: =VLOOKUP(Feuil11!B9,Feuil6!B:C,2,FALSE) -> 14.776137 | I9: =VLOOKUP(Feuil11!B9,Feuil7!B:C,2,FALSE) -> 13.637841 | J9: =VLOOKUP(Feuil11!B9,Feuil8!B:C,2,FALSE) -> 100 | K9: =VLOOKUP(Feuil11!B9,Feuil9!B:C,2,FALSE) -> 534 | L9: =VLOOKUP(Feuil11!B9,Feuil10!B:C,2,FALSE) -> 65099.846
A10: Autriche | B10: AUT | C10: =VLOOKUP(Feuil11!B10,Feuil1!B:D,3,FALSE) -> 31.5398133785749 | D10: =VLOOKUP(Feuil11!B10,Feuil2!B:C,2,FALSE) -> 0.15302349 | E10: =VLOOKUP(Feuil11!B10,Feuil3!B:C,2,FALSE) -> 2973.712010219 | F10: =VLOOKUP(Feuil11!B10,Feuil4!B:C,2,FALSE) -> 3.49 | G10: =VLOOKUP(Feuil11!B10,Feuil5!B:C,2,FALSE) -> 9.6435479 | H10: =VLOOKUP(Feuil11!B10,Feuil6!B:C,2,FALSE) -> 6.6326457 | I10: =VLOOKUP(Feuil11!B10,Feuil7!B:C,2,FALSE) -> 76.490779 | J10: =VLOOKUP(Feuil11!B10,Feuil8!B:C,2,FALSE) -> 100 | K10: =VLOOKUP(Feuil11!B10,Feuil9!B:C,2,FALSE) -> 1110 | L10: =VLOOKUP(Feuil11!B10,Feuil10!B:C,2,FALSE) -> 52084.681
A11: Azerbaïdjan | B11: AZE | C11: =VLOOKUP(Feuil11!B11,Feuil1!B:D,3,FALSE) -> 57.8382498850519 | D11: =VLOOKUP(Feuil11!B11,Feuil2!B:C,2,FALSE) -> 0.6685963 | E11: =VLOOKUP(Feuil11!B11,Feuil3!B:C,2,FALSE) -> 2589.858867181 | F11: =VLOOKUP(Feuil11!B11,Feuil4!B:C,2,FALSE) -> 12.59 | G11: =VLOOKUP(Feuil11!B11,Feuil5!B:C,2,FALSE) -> 55.597262 | H11: =VLOOKUP(Feuil11!B11,Feuil6!B:C,2,FALSE) -> 3.3988496 | I11: =VLOOKUP(Feuil11!B11,Feuil7!B:C,2,FALSE) -> 7.0398574 | J11: =VLOOKUP(Feuil11!B11,Feuil8!B:C,2,FALSE) -> 100 | K11: =VLOOKUP(Feuil11!B11,Feuil9!B:C,2,FALSE) -> 447 | L11: =VLOOKUP(Feuil11!B11,Feuil10!B:C,2,FALSE) -> 7762.0738
A12: Burundi | B12: BDI | C12: =VLOOKUP(Feuil11!B12,Feuil1!B:D,3,FALSE) -> 80.8411214953271 | D12: =VLOOKUP(Feuil11!B12,Feuil2!B:C,2,FALSE) -> 0.22168819 | E12: =VLOOKUP(Feuil11!B12,Feuil3!B:C,2,FALSE) -> 887.842343383 | F12: =VLOOKUP(Feuil11!B12,Feuil4!B:C,2,FALSE) -> 0.2801 | G12: =VLOOKUP(Feuil11!B12,Feuil5!B:C,2,FALSE) -> 10.192868 | H12: =VLOOKUP(Feuil11!B12,Feuil6!B:C,2,FALSE) -> 0.058384022 | I12: =VLOOKUP(Feuil11!B12,Feuil7!B:C,2,FALSE) -> 82.709385 | J12: =VLOOKUP(Feuil11!B12,Feuil8!B:C,2,FALSE) -> 10.233828 | K12: =VLOOKUP(Feuil11!B12,Feuil9!B:C,2,FALSE) -> 1274 | L12: =VLOOKUP(Feuil11!B12,Feuil10!B:C,2,FALSE) -> 259.02503
A13: Belgique | B13: BEL | C13: =VLOOKUP(Feuil11!B13,Feuil1!B:D,3,FALSE) -> 45.066357331572 | D13: =VLOOKUP(Feuil11!B13,Feuil2!B:C,2,FALSE) -> 0.18197096 | E13: =VLOOKUP(Feuil11!B13,Feuil3!B:C,2,FALSE) -> 7730.879239745 | F13: =VLOOKUP(Feuil11!B13,Feuil4!B:C,2,FALSE) -> 4.199 | G13: =VLOOKUP(Feuil11!B13,Feuil5!B:C,2,FALSE) -> 51.584767 | H13: =VLOOKUP(Feuil11!B13,Feuil6!B:C,2,FALSE) -> 7.3981307 | I13: =VLOOKUP(Feuil11!B13,Feuil7!B:C,2,FALSE) -> 20.800023 | J13: =VLOOKUP(Feuil11!B13,Feuil8!B:C,2,FALSE) -> 100 | K13: =VLOOKUP(Feuil11!B13,Feuil9!B:C,2,FALSE) -> 847 | L13: =VLOOKUP(Feuil11!B13,Feuil10!B:C,2,FALSE) -> 49926.825
A14: Bénin | B14: BEN | C14: =VLOOKUP(Feuil11!B14,Feuil1!B:D,3,FALSE) -> 35.0301525363604 | D14: =VLOOKUP(Feuil11!B14,Feuil2!B:C,2,FALSE) -> 0.54194209 | E14: =VLOOKUP(Feuil11!B14,Feuil3!B:C,2,FALSE) -> 2005.9093441513 | F14: =VLOOKUP(Feuil11!B14,Feuil4!B:C,2,FALSE) -> 0.13 | G14: =VLOOKUP(Feuil11!B14,Feuil5!B:C,2,FALSE) -> 0.97524381 | H14: =VLOOKUP(Feuil11!B14,Feuil6!B:C,2,FALSE) -> 0.63120481 | I14: =VLOOKUP(Feuil11!B14,Feuil7!B:C,2,FALSE) -> 5.5555556 | J14: =VLOOKUP(Feuil11!B14,Feuil8!B:C,2,FALSE) -> 41.973633 | K14: =VLOOKUP(Feuil11!B14,Feuil9!B:C,2,FALSE) -> 1039 | L14: =VLOOKUP(Feuil11!B14,Feuil10!B:C,2,FALSE) -> 1302.851
A15: Burkina Faso | B15: BFA | C15: =VLOOKUP(Feuil11!B15,Feuil1!B:D,3,FALSE) -> 46.1038011695906 | D15: =VLOOKUP(Feuil11!B15,Feuil2!B:C,2,FALSE) -> 0.35756353 | E15: =VLOOKUP(Feuil11!B15,Feuil3!B:C,2,FALSE) -> 1599.295141703 | F15: =VLOOKUP(Feuil11!B15,Feuil4!B:C,2,FALSE) -> 0.818 | G15: =VLOOKUP(Feuil11!B15,Feuil5!B:C,2,FALSE) -> 7.8202677 | H15: =VLOOKUP(Feuil11!B15,Feuil6!B:C,2,FALSE) -> 0.25353319 | I15: =VLOOKUP(Feuil11!B15,Feuil7!B:C,2,FALSE) -> 9.3540387 | J15: =VLOOKUP(Feuil11!B15,Feuil8!B:C,2,FALSE) -> 18.950687 | K15: =VLOOKUP(Feuil11!B15,Feuil9!B:C,2,FALSE) -> 748 | L15: =VLOOKUP(Feuil11!B15,Feuil10!B:C,2,FALSE) -> 830.03715
... A157: Zimbabwe | B157: ZWE | C157: =VLOOKUP(Feuil11!B157,Feuil1!B:D,3,FALSE) -> 41.8766963939511 | D157: =VLOOKUP(Feuil11!B157,Feuil2!B:C,2,FALSE) -> 0.43728966 | E157: =VLOOKUP(Feuil11!B157,Feuil3!B:C,2,FALSE) -> 2024.485896677 | F157: =VLOOKUP(Feuil11!B157,Feuil4!B:C,2,FALSE) -> 3.7713817 | G157: =VLOOKUP(Feuil11!B157,Feuil5!B:C,2,FALSE) -> 35.405385 | H157: =VLOOKUP(Feuil11!B157,Feuil6!B:C,2,FALSE) -> 0.53048355 | I157: =VLOOKUP(Feuil11!B157,Feuil7!B:C,2,FALSE) -> 52.724276 | J157: =VLOOKUP(Feuil11!B157,Feuil8!B:C,2,FALSE) -> 48.979927 | K157: =VLOOKUP(Feuil11!B157,Feuil9!B:C,2,FALSE) -> 657 | L157: =VLOOKUP(Feuil11!B157,Feuil10!B:C,2,FALSE) -> 1676.8215

Sheet Feuil1
A1: Data Source | B1: Indicateurs du développement dans le monde
A3: Last Updated Date | B3: 45343 | C3: Terres agricoles (% du territoire) | D3: Terres agricoles (% du territoire)
A5: Country Name | B5: Country Code | C5: 2021 | D5: 2020
A6: Aruba | B6: ABW | C6: 11.1111111111111 | D6: 11.1111111111111
B7: AFE | C7: 46.485779313587 | D7: 46.467607648862
A8: Afghanistan | B8: AFG | C8: 58.7415482268525 | D8: 58.7415482268525
B9: AFW | C9: 40.2593615824761 | D9: 40.1720279737287
A10: Angola | B10: AGO | C10: 36.8147910483677 | D10: 36.8107804604155
A11: Albanie | B11: ALB | C11: 41.471897810219 | D11: 42.538503649635
A12: Andorre | B12: AND | C12: 39.9068085106383 | D12: 39.9517021276596
A13: Le monde arabe | B13: ARB | C13: 39.9707423553453 | D13: 39.9732904781319
A14: Émirats arabes unis | B14: ARE | C14: 5.51339763446916 | D14: 5.48859476203886
A15: Argentine | B15: ARG | C15: 43.1023461553921 | D15: 43.0292651706989
A16: Arménie | B16: ARM | C16: 58.8275377590446 | D16: 58.8689848963822
A17: Samoa américaines | B17: ASM | C17: 14.5 | D17: 14.35
A18: Antigua-et-Barbuda | B18: ATG | C18: 20.4545454545455 | D18: 20.4545454545455
A19: Australie | B19: AUS | C19: 47.2592374954823 | D19: 46.2524798427461
A20: Autriche | B20: AUT | C20: 31.4767256422685 | D20: 31.5398133785749
A21: Azerbaïdjan | B21: AZE | C21: 57.8415003024803 | D21: 57.8382498850519
... A56: Cuba | B56: CUB | C56: 61.6666666666667 | D56: 61.6666666666667
A57: Curacao | B57: CUW
A58: Îles Caïmans | B58: CYM | C58: 11.25 | D58: 11.25
A59: Chypre | B59: CYP | C59: 13.3262878787879 | D59: 13.8148593073593
A60: République tchèque | B60: CZE | C60: 45.730560511424 | D60: 45.6468665918898
A61: Allemagne | B61: DEU | C61: 47.4856177910072 | D61: 47.4970663155786
A62: Djibouti | B62: DJI | C62: 73.5073339085419 | D62: 73.5073339085419
A63: Dominique | B63: DMA | C63: 33.3333333333333 | D63: 33.3333333333333
A64: Danemark | B64: DNK | C64: 65.45 | D64: 65.499675
A65: République dominicaine | B65: DOM | C65: 51.1034903536639 | D65: 51.1034903536639
A66: Algérie | B66: DZA | C66: 17.347004145287 | D66: 17.347004145287
A67: Asie de l’Est et Pacifique (hors revenu élevé) | B67: EAP | C67: 48.8253826297474 | D67: 48.836245873214
A68: de dividende précoce démographique | B68: EAR | C68: 40.0540617351243 | D68: 40.0236948717885
A69: Asie de l’Est et Pacifique | B69: EAS | C69: 47.4708511530475 | D69: 47.1615817378497
... A89: Ghana | B89: GHA | C89: 55.393019913595 | D89: 55.393019913595
A90: Gibraltar | B90: GIB
A91: Guinée | B91: GIN | C91: 59.5718704216181 | D91: 59.5596614032232
A92: Gambie | B92: GMB | C92: 62.6482213438735 | D92: 62.6482213438735
A93: Guinée-Bissau | B93: GNB | C93: 28.9868421052632 | D93: 28.9868421052632
A94: Guinée équatoriale | B94: GNQ | C94: 3.74046345811052 | D94: 3.74046345811052
A95: Grèce | B95: GRC | C95: 45.5173622963538 | D95: 45.5173622963538
A96: Grenade | B96: GRD | C96: 23.5294117647059 | D96: 23.5294117647059
A97: Groenland | B97: GRL | C97: 0.592301132902911 | D97: 0.592301132902911
A98: Guatemala | B98: GTM | C98: 43.0384471817842 | D98: 43.0384471817842
A99: Guam | B99: GUM | C99: 29.6296296296296 | D99: 29.6296296296296
A100: Guyana | B100: GUY | C100: 5.29845059690119 | D100: 5.29337058674117
A101: Revenu élevé | B101: HIC | C101: 34.826857224594 | D101: 34.4598587439778
A102: Chine | B102: RAS de Hong Kong | C102: 3.80952380952381 | D102: 4.76190476190476
... A115: Inde | B115: IND | C115: 60.0459264291889 | D115: 60.0458628611021
A116: Non classifié | B116: INX
A117: Irlande | B117: IRL | C117: 62.9554362026419 | D117: 65.495717811003
A118: Iran | B118: République islamique d’ | C118: 28.984694422188 | D118: 28.9604519568567
A119: Iraq | B119: IRQ | C119: 21.7078833892308 | D119: 21.7424354107544
A120: Islande | B120: ISL | C120: 18.565903005058 | D120: 18.565903005058
A121: Israël | B121: ISR | C121: 29.7365988909427 | D121: 29.8706099815157
A122: Italie | B122: ITA | C122: 41.9422315930434 | D122: 42.332263616904
A123: Jamaïque | B123: JAM | C123: 38.5041551246537 | D123: 38.5041551246537
A124: Jordanie | B124: JOR | C124: 11.5210487195081 | D124: 11.5886208527603
A125: Japon | B125: JPN | C125: 12.7818930041152 | D125: 12.8449931412894
A126: Kazakhstan | B126: KAZ | C126: 79.1924658295366 | D126: 79.2692521391266
A127: Kenya | B127: KEN | C127: 48.6874934111115 | D127: 48.6874934111115
A128: République kirghize | B128: KGZ | C128: 54.0464025026069 | D128: 54.0552659019812
... A151: Lettonie | B151: LVA | C151: 31.6567571910654 | D151: 31.6406877711715
A152: Région administrative spéciale de Macao | B152: Chine
A153: Saint-Martin (fr) | B153: MAF
A154: Maroc | B154: MAR | C154: 67.8713869594443 | D154: 68.0215101949361
A155: Monaco | B155: MCO
A156: Moldova | B156: MDA | C156: 69.0021231422505 | D156: 68.8650614573387
A157: Madagascar | B157: MDG | C157: 70.2904778274321 | D157: 70.2904778274321
A158: Maldives | B158: MDV | C158: 19.6666666666667 | D158: 21.3333333333333
A159: Afrique du Nord et Moyen-Orient | B159: MEA | C159: 33.4062170425594 | D159: 33.4060603945331
A160: Mexique | B160: MEX | C160: 49.9632192186013 | D160: 49.969392216878
A161: Îles Marshall | B161: MHL | C161: 38.8888888888889 | D161: 38.8888888888889
A162: Revenu intermédiaire | B162: MIC | C162: 36.9196316734538 | D162: 36.9139814814411
A163: Macédoine du Nord | B163: MKD | C163: 49.9603489294211 | D163: 50.0396510705789
A164: Mali | B164: MLI | C164: 35.3477737073734 | D164: 35.1928797974086
A165: Malte | B165: MLT | C165: 27.34375 | D165: 28.46875
A166: Myanmar | B166: MMR | C166: 19.8875388787596 | D166: 19.8875388787596
A167: Afrique du Nord et Moyen-Orient (hors revenu élevé) | B167: MNA | C167: 22.969987080259 | D167: 22.970386062607
... A184: Népal | B184: NPL | C184: 28.7478200209278 | D184: 28.7478200209278
A185: Nauru | B185: NRU | C185: 20 | D185: 20
A186: Nouvelle-Zélande | B186: NZL | C186: 38.6426645398959 | D186: 38.5629106376514
A187: Pays membres de l'OCDE | B187: OED | C187: 33.9208697834801 | D187: 33.5874931697739
A188: Oman | B188: OMN | C188: 4.73738287560582 | D188: 4.71382875605816
A189: Autres petits états | B189: OSS | C189: 38.52217428372 | D189: 38.5246143183497
A190: Pakistan | B190: PAK | C190: 47.0929327521793 | D190: 47.6377646326276
A191: Panama | B191: PAN | C191: 29.4057158263683 | D191: 29.3084389323268
A192: Pérou | B192: PER | C192: 19.93413203125 | D192: 19.5288984375
A193: Philippines | B193: PHL | C193: 42.5361371029949 | D193: 42.455646107925
A194: Palaos | B194: PLW | C194: 9.34782608695652 | D194: 9.34782608695652
A195: Papouasie-Nouvelle-Guinée | B195: PNG | C195: 3.18199885174226 | D195: 3.1312105286402
A196: Pologne | B196: POL | C196: 47.3683763475988 | D196: 48.1266128768824
A197: de Pré-dividende démographique | B197: PRE | C197: 42.6385687937963 | D197: 42.5952868076012
... A230: Eswatini | B230: SWZ | C230: 69.4767441860465 | D230: 69.4767441860465
A231: Sint Maarten (Dutch part) | B231: SXM
A232: Seychelles | B232: SYC | C232: 3.3695652173913 | D232: 3.3695652173913
A233: République arabe syrienne | B233: SYR | C233: 75.7685345531776 | D233: 75.7685345531776
A234: Îles Turques-et-Caïques | B234: TCA | C234: 1.05263157894737 | D234: 1.05263157894737
A235: Tchad | B235: TCD | C235: 39.9761753494282 | D235: 39.9761753494282
A236: Asie de l’Est et Pacifique (BIRD et IDA) | B236: TEA | C236: 49.0321360014029 | D236: 49.0432776179422
A237: Europe et Asie centrale (BIRD et IDA) | B237: TEC | C237: 28.0738166806415 | D237: 28.0830246139684
...

Sheet Feuil2
A1: Data Source | B1: Indicateurs du développement dans le monde
A2: Last Updated Date | B2: 45343
C3: Émissions de CO2 (kg par $ US de 2010 de PIB)
A4: Country Name | B4: Country Code | C4: 2020
A5: Aruba | B5: ABW
B6: AFE | C6: 0.54829262
A7: Afghanistan | B7: AFG | C7: 0.42233964
B8: AFW | C8: 0.26063217
A9: Angola | B9: AGO | C9: 0.24342379
A10: Albanie | B10: ALB | C10: 0.34955163
A11: Andorre | B11: AND | C11: 0.16796754
A12: Le monde arabe | B12: ARB | C12: 0.66731218
A13: Émirats arabes unis | B13: ARE | C13: 0.49065424
A14: Argentine | B14: ARG | C14: 0.30014294
A15: Arménie | B15: ARM | C15: 0.56499286
A16: Samoa américaines | B16: ASM
A17: Antigua-et-Barbuda | B17: ATG | C17: 0.34597473
A18: Australie | B18: AUS | C18: 0.25439944
A19: Autriche | B19: AUT | C19: 0.15302349
A20: Azerbaïdjan | B20: AZE | C20: 0.6685963
A21: Burundi | B21: BDI | C21: 0.22168819
A22: Belgique | B22: BEL | C22: 0.18197096
A23: Bénin | B23: BEN | C23: 0.54194209
A24: Burkina Faso | B24: BFA | C24: 0.35756353
A25: Bangladesh | B25: BGD | C25: 0.32048727
A26: Bulgarie | B26: BGR | C26: 0.61859373
A27: Bahreïn | B27: BHR | C27: 0.97331837
A28: Bahamas | B28: BHS | C28: 0.26465695
... A31: Belize | B31: BLZ | C31: 0.35117536
A32: Bermudes | B32: BMU
A33: Bolivie | B33: BOL | C33: 0.52717829
A34: Brésil | B34: BRA | C34: 0.23529857
A35: Barbade | B35: BRB | C35: 0.25915961
A36: Brunéi Darussalam | B36: BRN | C36: 0.71396368
A37: Bhoutan | B37: BTN | C37: 0.46461766
A38: Botswana | B38: BWA | C38: 0.38952033
A39: République centrafricaine | B39: CAF | C39: 0.11801726
A40: Canada | B40: CAN | C40: 0.32081516
A41: Europe centrale et les pays baltes | B41: CEB | C41: 0.40685477
A42: Suisse | B42: CHE | C42: 0.047757744
A43: Îles Anglo-Normandes | B43: CHI
A44: Chili | B44: CHL | C44: 0.34502284
A45: Chine | B45: CHN | C45: 0.74879423
A46: Côte d'Ivoire | B46: CIV | C46: 0.18181826
A47: Cameroun | B47: CMR | C47: 0.26405637
A48: Congo, République démocratique du | B48: COD | C48: 0.066849745
A49: Congo, République du | B49: COG | C49: 0.72068495
A50: Colombie | B50: COL | C50: 0.26520825
A51: Comores | B51: COM | C51: 0.30090582
A52: Cabo Verde | B52: CPV | C52: 0.37033898
A53: Costa Rica | B53: CRI | C53: 0.11304988
A54: Petits états des Caraïbes | B54: CSS | C54: 0.48029553
A55: Cuba | B55: CUB | C55: 0.30014141
A56: Curacao | B56: CUW
A57: Îles Caïmans | B57: CYM
A58: Chypre | B58: CYP | C58: 0.28023942
A59: République tchèque | B59: CZE | C59: 0.43595021
A60: Allemagne | B60: DEU | C60: 0.17439608
A61: Djibouti | B61: DJI | C61: 0.13937954
A62: Dominique | B62: DMA | C62: 0.3443681
A63: Danemark | B63: DNK | C63: 0.084293529
A64: République dominicaine | B64: DOM | C64: 0.27472813
A65: Algérie | B65: DZA | C65: 0.95991093
A66: Asie de l’Est et Pacifique (hors revenu élevé) | B66: EAP | C66: 0.73246344
A67: de dividende précoce démographique | B67: EAR | C67: 0.59988464
A68: Asie de l’Est et Pacifique | B68: EAS | C68: 0.55925185
A69: Europe et Asie centrale (hors revenu élevé) | B69: ECA | C69: 0.88076116
... A73: Zone euro | B73: EMU | C73: 0.15804385
A74: Érythrée | B74: ERI
A75: Espagne | B75: ESP | C75: 0.17235824
A76: Estonie | B76: EST | C76: 0.26535301
A77: Éthiopie | B77: ETH | C77: 0.19036144
A78: Union européenne | B78: EUU | C78: 0.17689402
A79: Fragile et les situations de conflit touchées | B79: FCS | C79: 0.43949377
A80: Finlande | B80: FIN | C80: 0.14605277
A81: Fidji | B81: FJI | C81: 0.23761275
A82: France | B82: FRA | C82: 0.11041765
A83: Îles Féroé | B83: FRO
A84: Micronésie, États fédérés de | B84: FSM | C84: 0.33255277
A85: Gabon | B85: GAB | C85: 0.35247482
A86: Royaume-Uni | B86: GBR | C86: 0.10905269
A87: Géorgie | B87: GEO | C87: 0.61937233
A88: Ghana | B88: GHA | C88: 0.30900437
A89: Gibraltar | B89: GIB
A90: Guinée | B90: GIN | C90: 0.35817667
A91: Gambie | B91: GMB | C91: 0.36232192
A92: Guinée-Bissau | B92: GNB | C92: 0.26994654
A93: Guinée équatoriale | B93: GNQ | C93: 0.45459867
A94: Grèce | B94: GRC | C94: 0.27582695
A95: Grenade | B95: GRD | C95: 0.33152508
A96: Groenland | B96: GRL
A97: Guatemala | B97: GTM | C97: 0.24257336
A98: Guam | B98: GUM
A99: Guyana | B99: GUY | C99: 0.38050295
A100: Revenu élevé | B100: HIC | C100: 0.2163398
A101: Chine, RAS de Hong Kong | B101: HKG
A102: Honduras | B102: HND | C102: 0.39841232
A103: Pays pauvres très endettés (PPTE) | B103: HPC | C103: 0.27102261
A104: Croatie | B104: HRV | C104: 0.29526599
A105: Haïti | B105: HTI | C105: 0.21431595
...

Sheet Feuil3
A1: Data Source | B1: Indicateurs du développement dans le monde
A3: Last Updated Date | B3: 45343
C4: Superficie des zones urbaines (km2)
A5: Country Name | B5: Country Code | C5: 2015
A6: Aruba | B6: ABW | C6: 97.34080781558
B7: AFE | C7: 63984.1243767853
A8: Afghanistan | B8: AFG | C8: 3993.83610705
B9: AFW | C9: 51046.987690028
A10: Angola | B10: AGO | C10: 2991.3469865533
A11: Albanie | B11: ALB | C11: 827.69395654173
A12: Andorre | B12: AND | C12: 30.9358154312
A13: Le monde arabe | B13: ARB | C13: 76974.6325607486
A14: Émirats arabes unis | B14: ARE | C14: 2263.10504571
A15: Argentine | B15: ARG | C15: 11432.7305610191
A16: Arménie | B16: ARM | C16: 922.33502653
A17: Samoa américaines | B17: ASM | C17: 23.43530367779
A18: Antigua-et-Barbuda | B18: ATG | C18: 31.86330246835
A19: Australie | B19: AUS | C19: 11945.986036946
A20: Autriche | B20: AUT | C20: 2973.712010219
A21: Azerbaïdjan | B21: AZE | C21: 2589.858867181
... A43: Suisse | B43: CHE | C43: 4016.815073034
A44: Îles Anglo-Normandes | B44: CHI
A45: Chili | B45: CHL | C45: 3579.6703573598
A46: Chine | B46: CHN | C46: 522345.1853048
A47: Côte d'Ivoire | B47: CIV | C47: 2981.9568951999
A48: Cameroun | B48: CMR | C48: 2352.11104215641
A49: Congo | B49: République démocratique du
A50: Congo | B50: République du
A51: Colombie | B51: COL | C51: 5114.5584541567
A52: Comores | B52: COM | C52: 142.53415404781
A53: Cabo Verde | B53: CPV | C53: 59.554326767999
A54: Costa Rica | B54: CRI | C54: 1475.94358331317
A55: Petits états des Caraïbes | B55: CSS | C55: 3051.10718091291
A56: Cuba | B56: CUB | C56: 3053.18468179
A57: Curacao | B57: CUW | C57: 118.118928362573
A58: Îles Caïmans | B58: CYM | C58: 43.96772397219
A59: Chypre | B59: CYP | C59: 518.98037655244
A60: République tchèque | B60: CZE | C60: 4023.3993128
A61: Allemagne | B61: DEU | C61: 36996.443574016
A62: Djibouti | B62: DJI | C62: 51.25016233939
... A72: Équateur | B72: ECU | C72: 2293.8454686048
A73: Égypte | B73: République arabe d’
A74: Zone euro | B74: EMU | C74: 131942.127373903
A75: Érythrée | B75: ERI | C75: 331.19181850798
A76: Espagne | B76: ESP | C76: 15655.069409499
A77: Estonie | B77: EST | C77: 449.97232757147
A78: Éthiopie | B78: ETH | C78: 5760.6647148
A79: Union européenne | B79: EUU | C79: 169850.471512345
A80: Fragile et les situations de conflit touchées | B80: FCS | C80: 113378.508646439
A81: Finlande | B81: FIN | C81: 2242.6594416467
A82: Fidji | B82: FJI | C82: 117.25678130726
A83: France | B83: FRA | C83: 23030.660881956
A84: Îles Féroé | B84: FRO | C84: 0
A85: Micronésie | B85: États fédérés de
A86: Gabon | B86: GAB | C86: 311.59997007957
A87: Royaume-Uni | B87: GBR | C87: 22675.976252161
A88: Géorgie | B88: GEO | C88: 1130.1634098862
A89: Ghana | B89: GHA | C89: 5559.5497888859
A90: Gibraltar | B90: GIB | C90: 7.398828951639
A91: Guinée | B91: GIN | C91: 1390.66357912241
A92: Gambie | B92: GMB | C92: 338.74891276451
A93: Guinée-Bissau | B93: GNB | C93: 196.26400685892
A94: Guinée équatoriale | B94: GNQ | C94: 136.73434418639
A95: Grèce | B95: GRC | C95: 2748.6634607268
A96: Grenade | B96: GRD | C96: 68.51966222491
A97: Groenland | B97: GRL | C97: 2.5829688655263
... A101: Revenu élevé | B101: HIC | C101: 511226.127595964
A102: Chine | B102: RAS de Hong Kong
A103: Honduras | B103: HND | C103: 1576.92823835852
A104: Pays pauvres très endettés (PPTE) | B104: HPC | C104: 72874.9165038583
A105: Croatie | B105: HRV | C105: 1648.41307213538
A106: Haïti | B106: HTI | C106: 1326.1041259626
A107: Hongrie | B107: HUN | C107: 3928.8336649
A108: BIRD seulement | B108: IBD | C108: 1177545.86969764
A109: BIRD et IDA | B109: IBT | C109: 1416815.69945214
A110: IDA totale | B110: IDA | C110: 239269.829754504
A111: IDA mélange | B111: IDB | C111: 88815.3258457323
A112: Indonésie | B112: IDN | C112: 67755.1345869
A113: IDA seulement | B113: IDX | C113: 150454.503908771
A114: Île de Man | B114: IMN | C114: 38.31179957601
A115: Inde | B115: IND | C115: 171839.18292269
A116: Non classifié | B116: INX
A117: Irlande | B117: IRL | C117: 1261.3899500179
A118: Iran | B118: République islamique d’
A119: Iraq | B119: IRQ | C119: 6572.9688676668
A120: Islande | B120: ISL | C120: 107.56003068127
A121: Israël | B121: ISR | C121: 2743.7336323641
A122: Italie | B122: ITA | C122: 20916.723170164
A123: Jamaïque | B123: JAM | C123: 1022.3342016496
A124: Jordanie | B124: JOR | C124: 2170.09018740478
A125: Japon | B125: JPN | C125: 53452.06097573
A126: Kazakhstan | B126: KAZ | C126: 6363.38993307
A127: Kenya | B127: KEN | C127: 3416.83689169865
A128: République kirghize | B128: KGZ | C128: 2136.338095941
A129: Cambodge | B129: KHM | C129: 1838.75313177294
A130: Kiribati | B130: KIR | C130: 5.187512818374
A131: Saint-Kitts-et-Nevis | B131: KNA | C131: 11.739576243214
A132: Corée | B132: République de
A133: Koweït | B133: KWT | C133: 772.9420164889
A134: Amérique latine et Caraïbes (hors revenu élevé) | B134: LAC | C134: 117022.00784029
...

Sheet Feuil4
A1: Data Source | B1: Indicateurs du développement dans le monde
A2: Last Updated Date | B2: 45343
C3: Retraits annuels d’eau douce, total (milliards de mètres cubes)
A4: Country Name | B4: Country Code | C4: 2020
A5: Aruba | B5: ABW
B6: AFE | C6: 98.377503
A7: Afghanistan | B7: AFG | C7: 20.282
B8: AFW | C8: 32.228108
A9: Angola | B9: AGO | C9: 0.7057
A10: Albanie | B10: ALB | C10: 0.786
A11: Andorre | B11: AND
A12: Le monde arabe | B12: ARB | C12: 244.88904
A13: Émirats arabes unis | B13: ARE | C13: 2.381
A14: Argentine | B14: ARG | C14: 37.69
A15: Arménie | B15: ARM | C15: 2.83
A16: Samoa américaines | B16: ASM
A17: Antigua-et-Barbuda | B17: ATG | C17: 0.0044
A18: Australie | B18: AUS | C18: 8.64
A19: Autriche | B19: AUT | C19: 3.49
A20: Azerbaïdjan | B20: AZE | C20: 12.59
A21: Burundi | B21: BDI | C21: 0.2801
A22: Belgique | B22: BEL | C22: 4.199
A23: Bénin | B23: BEN | C23: 0.13
A24: Burkina Faso | B24: BFA | C24: 0.818
A25: Bangladesh | B25: BGD | C25: 35.87
A26: Bulgarie | B26: BGR | C26: 5.076
A27: Bahreïn | B27: BHR | C27: 0.1551
A28: Bahamas | B28: BHS
A29: Bosnie-Herzégovine | B29: BIH | C29: 0.30128
A30: Bélarus | B30: BLR | C30: 1.328
A31: Belize | B31: BLZ | C31: 0.101
A32: Bermudes | B32: BMU
A33: Bolivie | B33: BOL | C33: 2.088
A34: Brésil | B34: BRA | C34: 67.19
A35: Barbade | B35: BRB | C35: 0.07
A36: Brunéi Darussalam | B36: BRN | C36: 0.092
A37: Bhoutan | B37: BTN | C37: 0.3379
A38: Botswana | B38: BWA | C38: 0.2204276
A39: République centrafricaine | B39: CAF | C39: 0.0725
A40: Canada | B40: CAN | C40: 36.253
A41: Europe centrale et les pays baltes | B41: CEB | C41: 29.709153
A42: Suisse | B42: CHE | C42: 1.704
A43: Îles Anglo-Normandes | B43: CHI
A44: Chili | B44: CHL | C44: 35.368
A45: Chine | B45: CHN | C45: 568.48
A46: Côte d'Ivoire | B46: CIV | C46: 1.162
A47: Cameroun | B47: CMR | C47: 1.0884
A48: Congo, République démocratique du | B48: COD | C48: 0.6836
A49: Congo, République du | B49: COG | C49: 0.046
A50: Colombie | B50: COL | C50: 29.11567
A51: Comores | B51: COM | C51: 0.01
A52: Cabo Verde | B52: CPV | C52: 0.0253
A53: Costa Rica | B53: CRI | C53: 3.13608
A54: Petits états des Caraïbes | B54: CSS | C54: 4.0193
A55: Cuba | B55: CUB | C55: 6.958
A56: Curacao | B56: CUW
A57: Îles Caïmans | B57: CYM
A58: Chypre | B58: CYP | C58: 0.275
A59: République tchèque | B59: CZE | C59: 1.366
A60: Allemagne | B60: DEU | C60: 24.443
A61: Djibouti | B61: DJI | C61: 0.019
A62: Dominique | B62: DMA | C62: 0.02
A63: Danemark | B63: DNK | C63: 0.97643
A64: République dominicaine | B64: DOM | C64: 7.137
A65: Algérie | B65: DZA | C65: 9.802
A66: Asie de l’Est et Pacifique (hors revenu élevé) | B66: EAP | C66: 1076.3923
A67: de dividende précoce démographique | B67: EAR | C67: 1879.7844
A68: Asie de l’Est et Pacifique | B68: EAS | C68: 1203.095
A69: Europe et Asie centrale (hors revenu élevé) | B69: ECA | C69: 296.35116
... A82: France | B82: FRA | C82: 26.27208
A83: Îles Féroé | B83: FRO
A84: Micronésie, États fédérés de | B84: FSM
A85: Gabon | B85: GAB | C85: 0.1391
A86: Royaume-Uni | B86: GBR | C86: 8.419
A87: Géorgie | B87: GEO | C87: 1.65372
A88: Ghana | B88: GHA | C88: 1.4486
A89: Gibraltar | B89: GIB
A90: Guinée | B90: GIN | C90: 0.89
A91: Gambie | B91: GMB | C91: 0.1016
A92: Guinée-Bissau | B92: GNB | C92: 0.175
A93: Guinée équatoriale | B93: GNQ | C93: 0.0198
A94: Grèce | B94: GRC | C94: 10.122
A95: Grenade | B95: GRD | C95: 0.0141
A96: Groenland | B96: GRL
A97: Guatemala | B97: GTM | C97: 3.3241
A98: Guam | B98: GUM
A99: Guyana | B99: GUY | C99: 1.4447
A100: Revenu élevé | B100: HIC | C100: 870.47974
A101: Chine, RAS de Hong Kong | B101: HKG
A102: Honduras | B102: HND | C102: 1.607
A103: Pays pauvres très endettés (PPTE) | B103: HPC | C103: 114.38463
A104: Croatie | B104: HRV | C104: 0.665
A105: Haïti | B105: HTI | C105: 1.45
A106: Hongrie | B106: HUN | C106: 4.6726
A107: BIRD seulement | B107: IBD | C107: 2544.6237
A108: BIRD et IDA | B108: IBT | C108: 3065.4288
A109: IDA totale | B109: IDA | C109: 520.80511
A110: IDA mélange | B110: IDB | C110: 271.66298
A111: Indonésie | B111: IDN | C111: 222.635
A112: IDA seulement | B112: IDX | C112: 249.14213
...

Sheet Feuil5
A1: Data Source | B1: Indicateurs du développement dans le monde
A2: Last Updated Date | B2: 45343 | C2: Niveau de stress hydrique
C3: Level of water stress: freshwater withdrawal as a proportion of available freshwater resources
A4: Country Name | B4: Country Code | C4: 2020
A5: Aruba | B5: ABW
B6: AFE
A7: Afghanistan | B7: AFG | C7: 54.757019
B8: AFW
A9: Angola | B9: AGO | C9: 1.8718833
A10: Albanie | B10: ALB | C10: 4.7235577
A11: Andorre | B11: AND
A12: Le monde arabe | B12: ARB
A13: Émirats arabes unis | B13: ARE | C13: 1587.3333
A14: Argentine | B14: ARG | C14: 10.456664
A15: Arménie | B15: ARM | C15: 57.090982
A16: Samoa américaines | B16: ASM
A17: Antigua-et-Barbuda | B17: ATG | C17: 8.4615385
A18: Australie | B18: AUS | C18: 3.4740651
A19: Autriche | B19: AUT | C19: 9.6435479
A20: Azerbaïdjan | B20: AZE | C20: 55.597262
A21: Burundi | B21: BDI | C21: 10.192868
A22: Belgique | B22: BEL | C22: 51.584767
A23: Bénin | B23: BEN | C23: 0.97524381
A24: Burkina Faso | B24: BFA | C24: 7.8202677
A25: Bangladesh | B25: BGD | C25: 5.7233395
A26: Bulgarie | B26: BGR | C26: 37.519403
A27: Bahreïn | B27: BHR | C27: 133.7069
A28: Bahamas | B28: BHS
A29: Bosnie-Herzégovine | B29: BIH | C29: 2.0005312
A30: Bélarus | B30: BLR | C30: 4.37706
A31: Belize | B31: BLZ | C31: 1.2602945
A32: Bermudes | B32: BMU
A33: Bolivie | B33: BOL | C33: 1.1770011
A34: Brésil | B34: BRA | C34: 1.4793043
A35: Barbade | B35: BRB | C35: 87.5
A36: Brunéi Darussalam | B36: BRN | C36: 3.4664657
A37: Bhoutan | B37: BTN | C37: 1.4138075
A38: Botswana | B38: BWA | C38: 2.3050047
A39: République centrafricaine | B39: CAF | C39: 0.33564815
A40: Canada | B40: CAN | C40: 3.7335736
A41: Europe centrale et les pays baltes | B41: CEB
A42: Suisse | B42: CHE | C42: 6.4988558
A43: Îles Anglo-Normandes | B43: CHI
A44: Chili | B44: CHL | C44: 8.9821211
A45: Chine | B45: CHN | C45: 41.518529
A46: Côte d'Ivoire | B46: CIV | C46: 5.0875657
A47: Cameroun | B47: CMR | C47: 1.5604301
A48: Congo, République démocratique du | B48: COD | C48: 0.2268835
A49: Congo, République du | B49: COG | C49: 0.027446301
A50: Colombie | B50: COL | C50: 4.3586332
A51: Comores | B51: COM | C51: 0.83333333
A52: Cabo Verde | B52: CPV | C52: 8.4333333
A53: Costa Rica | B53: CRI | C53: 5.3516724
A54: Petits états des Caraïbes | B54: CSS
A55: Cuba | B55: CUB | C55: 23.939446
A56: Curacao | B56: CUW
A57: Îles Caïmans | B57: CYM
A58: Chypre | B58: CYP | C58: 37.588846
A59: République tchèque | B59: CZE | C59: 20.772506
A60: Allemagne | B60: DEU | C60: 33.501919
A61: Djibouti | B61: DJI | C61: 6.3333333
A62: Dominique | B62: DMA | C62: 10
A63: Danemark | B63: DNK | C63: 26.404273
A64: République dominicaine | B64: DOM | C64: 39.553314
A65: Algérie | B65: DZA | C65: 137.92036
A66: Asie de l’Est et Pacifique (hors revenu élevé) | B66: EAP
A67: de dividende précoce démographique | B67: EAR
A68: Asie de l’Est et Pacifique | B68: EAS
A69: Europe et Asie centrale (hors revenu élevé) | B69: ECA
A70: Europe et Asie centrale | B70: ECS
A71: Équateur | B71: ECU | C71: 6.7823529
A72: Égypte, République arabe d’ | B72: EGY | C72: 141.16576
A73: Zone euro | B73: EMU
A74: Érythrée | B74: ERI | C74: 11.175115
A75: Espagne | B75: ESP | C75: 43.254039
A76: Estonie | B76: EST | C76: 9.2310855
A77: Éthiopie | B77: ETH | C77: 32.257187
A78: Union européenne | B78: EUU
A79: Fragile et les situations de conflit touchées | B79: FCS
A80: Finlande | B80: FIN | C80: 7.1140621
A81: Fidji | B81: FJI | C81: 0.29737303
A82: France | B82: FRA | C82: 22.999282
A83: Îles Féroé | B83: FRO
A84: Micronésie, États fédérés de | B84: FSM
A85: Gabon | B85: GAB | C85: 0.50216607
A86: Royaume-Uni | B86: GBR | C86: 14.354646
A87: Géorgie | B87: GEO | C87: 5.3867101
A88: Ghana | B88: GHA | C88: 6.3147341
A89: Gibraltar | B89: GIB
A90: Guinée | B90: GIN | C90: 1.3692308
A91: Gambie | B91: GMB | C91: 2.2096564
A92: Guinée-Bissau | B92: GNB | C92: 1.4957265
A93: Guinée équatoriale | B93: GNQ | C93: 0.18350324
A94: Grèce | B94: GRC | C94: 20.477443
A95: Grenade | B95: GRD | C95: 7.05
A96: Groenland | B96: GRL
A97: Guatemala | B97: GTM | C97: 5.7420971
A98: Guam | B98: GUM
A99: Guyana | B99: GUY | C99: 3.2984018
A100: Revenu élevé | B100: HIC
...

Sheet Feuil6
A1: Data Source | B1: Indicateurs du développement dans le monde
A2: Last Updated Date | B2: 45343
C3: Émissions de CO2 (tonnes métriques par habitant)
A4: Country Name | B4: Country Code | C4: 2020
A5: Aruba | B5: ABW
B6: AFE | C6: 0.79541991
A7: Afghanistan | B7: AFG | C7: 0.22347887
B8: AFW | C8: 0.46315027
A9: Angola | B9: AGO | C9: 0.59274297
A10: Albanie | B10: ALB | C10: 1.5445501
A11: Andorre | B11: AND | C11: 5.777148
A12: Le monde arabe | B12: ARB | C12: 3.9290777
A13: Émirats arabes unis | B13: ARE | C13: 20.252272
A14: Argentine | B14: ARG | C14: 3.4056175
A15: Arménie | B15: ARM | C15: 2.4046838
A16: Samoa américaines | B16: ASM
A17: Antigua-et-Barbuda | B17: ATG | C17: 5.1217301
A18: Australie | B18: AUS | C18: 14.776137
A19: Autriche | B19: AUT | C19: 6.6326457
A20: Azerbaïdjan | B20: AZE | C20: 3.3988496
A21: Burundi | B21: BDI | C21: 0.058384022
A22: Belgique | B22: BEL | C22: 7.3981307
A23: Bénin | B23: BEN | C23: 0.63120481
A24: Burkina Faso | B24: BFA | C24: 0.25353319
A25: Bangladesh | B25: BGD | C25: 0.51064756
A26: Bulgarie | B26: BGR | C26: 4.9232804
A27: Bahreïn | B27: BHR | C27: 21.976908
A28: Bahamas | B28: BHS | C28: 6.0422515
... A31: Belize | B31: BLZ | C31: 1.7411077
A32: Bermudes | B32: BMU
A33: Bolivie | B33: BOL | C33: 1.5394647
A34: Brésil | B34: BRA | C34: 1.9425234
A35: Barbade | B35: BRB | C35: 3.9048712
A36: Brunéi Darussalam | B36: BRN | C36: 21.705812
A37: Bhoutan | B37: BTN | C37: 1.3400543
A38: Botswana | B38: BWA | C38: 2.2634631
A39: République centrafricaine | B39: CAF | C39: 0.044282073
A40: Canada | B40: CAN | C40: 13.599375
A41: Europe centrale et les pays baltes | B41: CEB | C41: 5.8572058
A42: Suisse | B42: CHE | C42: 4.0420728
A43: Îles Anglo-Normandes | B43: CHI
A44: Chili | B44: CHL | C44: 4.3951511
A45: Chine | B45: CHN | C45: 7.7561379
A46: Côte d'Ivoire | B46: CIV | C46: 0.40634736
A47: Cameroun | B47: CMR | C47: 0.37478266
A48: Congo, République démocratique du | B48: COD | C48: 0.032584781
A49: Congo, République du | B49: COG | C49: 1.2545917
A50: Colombie | B50: COL | C50: 1.5522594
A51: Comores | B51: COM | C51: 0.40711218
A52: Cabo Verde | B52: CPV | C52: 1.0651517
A53: Costa Rica | B53: CRI | C53: 1.3599955
A54: Petits états des Caraïbes | B54: CSS | C54: 4.4026879
A55: Cuba | B55: CUB | C55: 2.1527697
A56: Curacao | B56: CUW
A57: Îles Caïmans | B57: CYM
A58: Chypre | B58: CYP | C58: 5.471998
A59: République tchèque | B59: CZE | C59: 8.3040175
A60: Allemagne | B60: DEU | C60: 7.255221
A61: Djibouti | B61: DJI | C61: 0.39232917
A62: Dominique | B62: DMA | C62: 2.2612681
A63: Danemark | B63: DNK | C63: 4.6912373
A64: République dominicaine | B64: DOM | C64: 2.0801817
A65: Algérie | B65: DZA | C65: 3.7182234
A66: Asie de l’Est et Pacifique (hors revenu élevé) | B66: EAP | C66: 5.9822461
A67: de dividende précoce démographique | B67: EAR | C67: 2.0168568
A68: Asie de l’Est et Pacifique | B68: EAS | C68: 6.2218884
A69: Europe et Asie centrale (hors revenu élevé) | B69: ECA | C69: 7.0757075
... A82: France | B82: FRA | C82: 3.9536825
A83: Îles Féroé | B83: FRO
A84: Micronésie, États fédérés de | B84: FSM | C84: 0.95891389
A85: Gabon | B85: GAB | C85: 2.3332736
A86: Royaume-Uni | B86: GBR | C86: 4.6011423
A87: Géorgie | B87: GEO | C87: 2.7547092
A88: Ghana | B88: GHA | C88: 0.60288745
A89: Gibraltar | B89: GIB
A90: Guinée | B90: GIN | C90: 0.34364615
A91: Gambie | B91: GMB | C91: 0.2375296
A92: Guinée-Bissau | B92: GNB | C92: 0.16320837
A93: Guinée équatoriale | B93: GNQ | C93: 2.7257309
A94: Grèce | B94: GRC | C94: 4.7671849
A95: Grenade | B95: GRD | C95: 2.624067
A96: Groenland | B96: GRL
A97: Guatemala | B97: GTM | C97: 1.0004073
A98: Guam | B98: GUM
A99: Guyana | B99: GUY | C99: 3.472771
A100: Revenu élevé | B100: HIC | C100: 8.7499651
A101: Chine, RAS de Hong Kong | B101: HKG
A102: Honduras | B102: HND | C102: 0.87291117
A103: Pays pauvres très endettés (PPTE) | B103: HPC | C103: 0.26847105
A104: Croatie | B104: HRV | C104: 3.8607054
A105: Haïti | B105: HTI | C105: 0.28381502
A106: Hongrie | B106: HUN | C106: 4.5916529
A107: BIRD seulement | B107: IBD | C107: 4.3049555
A108: BIRD et IDA | B108: IBT | C108: 3.2989175
A109: IDA totale | B109: IDA | C109: 0.51718401
A110: IDA mélange | B110: IDB | C110: 0.79861268
A111: Indonésie | B111: IDN | C111: 2.071659
A112: IDA seulement | B112: IDX | C112: 0.37794116
A113: Île de Man | B113: IMN
A114: Inde | B114: IND | C114: 1.5760932
...

Sheet Feuil7
A1: Data Source | B1: Indicateurs du développement dans le monde
A2: Last Updated Date | B2: 45343
C3: Production d’électricité renouvelable (% de la production totale d’électricité)
A4: Country Name | B4: Country Code | C4: 2015
A5: Aruba | B5: ABW | C5: 14.856161
B6: AFE | C6: 25.675879
A7: Afghanistan | B7: AFG | C7: 86.050111
B8: AFW | C8: 31.233531
A9: Angola | B9: AGO | C9: 53.174928
A10: Albanie | B10: ALB | C10: 100
A11: Andorre | B11: AND | C11: 86.1167
A12: Le monde arabe | B12: ARB | C12: 2.9207017
A13: Émirats arabes unis | B13: ARE | C13: 0.23240111
A14: Argentine | B14: ARG | C14: 28.140069
A15: Arménie | B15: ARM | C15: 28.336966
A16: Samoa américaines | B16: ASM | C16: 0.88547816
A17: Antigua-et-Barbuda | B17: ATG | C17: 0
A18: Australie | B18: AUS | C18: 13.637841
A19: Autriche | B19: AUT | C19: 76.490779
A20: Azerbaïdjan | B20: AZE | C20: 7.0398574
... A114: Inde | B114: IND | C114: 15.34305
A115: Non classifié | B115: INX
A116: Irlande | B116: IRL | C116: 27.965408
A117: Iran, République islamique d’ | B117: IRN | C117: 5.1048879
A118: Iraq | B118: IRQ | C118: 3.7317547
A119: Islande | B119: ISL | C119: 99.978722
A120: Israël | B120: ISR | C120: 1.8902002
A121: Italie | B121: ITA | C121: 38.679225
A122: Jamaïque | B122: JAM | C122: 10.262009
A123: Jordanie | B123: JOR | C123: 0.967708
A124: Japon | B124: JPN | C124: 15.984781
A125: Kazakhstan | B125: KAZ | C125: 8.8740279
A126: Kenya | B126: KEN | C126: 87.514247
A127: République kirghize | B127: KGZ | C127: 85.188028
... A270: Zimbabwe | B270: ZWE | C270: 52.724276

Sheet Feuil8
A1: Data Source | B1: Indicateurs du développement dans le monde
A2: Last Updated Date | B2: 45343
C3: Accès à l’électricité (% de la population)
A4: Country Name | B4: Country Code | C4: 2021
A5: Aruba | B5: ABW | C5: 100
B6: AFE | C6: 48.103609
A7: Afghanistan | B7: AFG | C7: 97.7
B8: AFW | C8: 54.224187
A9: Angola | B9: AGO | C9: 48.223854
A10: Albanie | B10: ALB | C10: 100
A11: Andorre | B11: AND | C11: 100
A12: Le monde arabe | B12: ARB | C12: 90.845661
A13: Émirats arabes unis | B13: ARE | C13: 100
A14: Argentine | B14: ARG | C14: 100
A15: Arménie | B15: ARM | C15: 100
A16: Samoa américaines | B16: ASM
A17: Antigua-et-Barbuda | B17: ATG | C17: 100
A18: Australie | B18: AUS | C18: 100
A19: Autriche | B19: AUT | C19: 100
A20: Azerbaïdjan | B20: AZE | C20: 100
A21: Burundi | B21: BDI | C21: 10.233828
A22: Belgique | B22: BEL | C22: 100
A23: Bénin | B23: BEN | C23: 41.973633
A24: Burkina Faso | B24: BFA | C24: 18.950687
A25: Bangladesh | B25: BGD | C25: 98.991028
A26: Bulgarie | B26: BGR | C26: 99.8
A27: Bahreïn | B27: BHR | C27: 100
A28: Bahamas | B28: BHS | C28: 100
... A114: Inde | B114: IND | C114: 99.572525
A115: Non classifié | B115: INX
A116: Irlande | B116: IRL | C116: 100
A117: Iran, République islamique d’ | B117: IRN | C117: 100
A118: Iraq | B118: IRQ | C118: 100
A119: Islande | B119: ISL | C119: 100
A120: Israël | B120: ISR | C120: 100
A121: Italie | B121: ITA | C121: 100
A122: Jamaïque | B122: JAM | C122: 100
A123: Jordanie | B123: JOR | C123: 99.9
A124: Japon | B124: JPN | C124: 100
A125: Kazakhstan | B125: KAZ | C125: 100
A126: Kenya | B126: KEN | C126: 76.54245
A127: République kirghize | B127: KGZ | C127: 99.673729
... A265: Samoa | B265: WSM | C265: 98.3
A266: Kosovo | B266: XKX
A267: Yémen, Rép. du | B267: YEM | C267: 74.877197
A268: Afrique du Sud | B268: ZAF | C268: 89.3
A269: Zambie | B269: ZMB | C269: 46.685116
A270: Zimbabwe | B270: ZWE | C270: 48.979927

Sheet Feuil9
A1: Data Source | B1: Indicateurs du développement dans le monde
A2: Last Updated Date | B2: 45343
C3: Hauteur moyenne des précipitations (mm par an)
A4: Country Name | B4: Country Code | C4: 2020
A5: Aruba | B5: ABW
B6: AFE
A7: Afghanistan | B7: AFG | C7: 327
B8: AFW
A9: Angola | B9: AGO | C9: 1010
A10: Albanie | B10: ALB | C10: 1485
A11: Andorre | B11: AND
A12: Le monde arabe | B12: ARB
A13: Émirats arabes unis | B13: ARE | C13: 78
A14: Argentine | B14: ARG | C14: 591
A15: Arménie | B15: ARM | C15: 562
A16: Samoa américaines | B16: ASM
A17: Antigua-et-Barbuda | B17: ATG | C17: 1030
A18: Australie | B18: AUS | C18: 534
A19: Autriche | B19: AUT | C19: 1110
A20: Azerbaïdjan | B20: AZE | C20: 447
A21: Burundi | B21: BDI | C21: 1274
A22: Belgique | B22: BEL | C22: 847
A23: Bénin | B23: BEN | C23: 1039
A24: Burkina Faso | B24: BFA | C24: 748
A25: Bangladesh | B25: BGD | C25: 2666
A26: Bulgarie | B26: BGR | C26: 608
A27: Bahreïn | B27: BHR | C27: 83
A28: Bahamas | B28: BHS | C28: 1292
... A31: Belize | B31: BLZ | C31: 1705
A32: Bermudes | B32: BMU
A33: Bolivie | B33: BOL | C33: 1146
A34: Brésil | B34: BRA | C34: 1761
A35: Barbade | B35: BRB | C35: 1422
A36: Brunéi Darussalam | B36: BRN | C36: 2722
A37: Bhoutan | B37: BTN | C37: 2200
A38: Botswana | B38: BWA | C38: 416
A39: République centrafricaine | B39: CAF | C39: 1343
A40: Canada | B40: CAN | C40: 537
A41: Europe centrale et les pays baltes | B41: CEB
A42: Suisse | B42: CHE | C42: 1537
A43: Îles Anglo-Normandes | B43: CHI
A44: Chili | B44: CHL | C44: 1522
A45: Chine | B45: CHN | C45: 645
A46: Côte d'Ivoire | B46: CIV | C46: 1348
A47: Cameroun | B47: CMR | C47: 1604
A48: Congo, République démocratique du | B48: COD | C48: 1543
A49: Congo, République du | B49: COG | C49: 1646
A50: Colombie | B50: COL | C50: 3240
A51: Comores | B51: COM | C51: 900
A52: Cabo Verde | B52: CPV | C52: 228
A53: Costa Rica | B53: CRI | C53: 2926
A54: Petits états des Caraïbes | B54: CSS
A55: Cuba | B55: CUB | C55: 1335
A56: Curacao | B56: CUW
A57: Îles Caïmans | B57: CYM
A58: Chypre | B58: CYP | C58: 498
A59: République tchèque | B59: CZE | C59: 677
A60: Allemagne | B60: DEU | C60: 700
A61: Djibouti | B61: DJI | C61: 220
A62: Dominique | B62: DMA | C62: 2083
A63: Danemark | B63: DNK | C63: 703
A64: République dominicaine | B64: DOM | C64: 1410
A65: Algérie | B65: DZA | C65: 89
A66: Asie de l’Est et Pacifique (hors revenu élevé) | B66: EAP
A67: de dividende précoce démographique | B67: EAR
A68: Asie de l’Est et Pacifique | B68: EAS
A69: Europe et Asie centrale (hors revenu élevé) | B69: ECA
A70: Europe et Asie centrale | B70: ECS
A71: Équateur | B71: ECU | C71: 2274
A72: Égypte, République arabe d’ | B72: EGY | C72: 18.1
A73: Zone euro | B73: EMU
A74: Érythrée | B74: ERI | C74: 384
A75: Espagne | B75: ESP | C75: 636
A76: Estonie | B76: EST | C76: 626
A77: Éthiopie | B77: ETH | C77: 848
A78: Union européenne | B78: EUU
A79: Fragile et les situations de conflit touchées | B79: FCS
A80: Finlande | B80: FIN | C80: 536
A81: Fidji | B81: FJI | C81: 2592
A82: France | B82: FRA | C82: 867
A83: Îles Féroé | B83: FRO
A84: Micronésie, États fédérés de | B84: FSM
A85: Gabon | B85: GAB | C85: 1831
A86: Royaume-Uni | B86: GBR | C86: 1220
A87: Géorgie | B87: GEO | C87: 1026
A88: Ghana | B88: GHA | C88: 1187
A89: Gibraltar | B89: GIB
A90: Guinée | B90: GIN | C90: 1651
A91: Gambie | B91: GMB | C91: 836
A92: Guinée-Bissau | B92: GNB | C92: 1577
A93: Guinée équatoriale | B93: GNQ | C93: 2156
A94: Grèce | B94: GRC | C94: 652
A95: Grenade | B95: GRD | C95: 2350
A96: Groenland | B96: GRL
A97: Guatemala | B97: GTM | C97: 1996
A98: Guam | B98: GUM
A99: Guyana | B99: GUY | C99: 2387
A100: Revenu élevé | B100: HIC
A101: Chine, RAS de Hong Kong | B101: HKG
A102: Honduras | B102: HND | C102: 1976
...

Sheet Feuil10
A1: Data Source | B1: Indicateurs du développement dans le monde
A2: Last Updated Date | B2: 45343
C3: PIB par habitant ($ US courants)
A4: Country Name | B4: Country Code | C4: 2022
A5: Aruba | B5: ABW | C5: 33300.839
B6: AFE | C6: 1644.0628
A7: Afghanistan | B7: AFG
B8: AFW | C8: 1785.3122
A9: Angola | B9: AGO | C9: 3000.4442
A10: Albanie | B10: ALB | C10: 6810.114
A11: Andorre | B11: AND | C11: 41992.773
A12: Le monde arabe | B12: ARB | C12: 7625.2525
A13: Émirats arabes unis | B13: ARE | C13: 53707.98
A14: Argentine | B14: ARG | C14: 13650.605
A15: Arménie | B15: ARM | C15: 7018.0515
A16: Samoa américaines | B16: ASM | C16: 19673.39
A17: Antigua-et-Barbuda | B17: ATG | C17: 19919.727
A18: Australie | B18: AUS | C18: 65099.846
A19: Autriche | B19: AUT | C19: 52084.681
A20: Azerbaïdjan | B20: AZE | C20: 7762.0738
... A36: Brunéi Darussalam | B36: BRN | C36: 37152.477
A37: Bhoutan | B37: BTN
A38: Botswana | B38: BWA | C38: 7738.8788
A39: République centrafricaine | B39: CAF | C39: 427.0581
A40: Canada | B40: CAN | C40: 55522.446
A41: Europe centrale et les pays baltes | B41: CEB | C41: 19420.964
A42: Suisse | B42: CHE | C42: 93259.906
A43: Îles Anglo-Normandes | B43: CHI
A44: Chili | B44: CHL | C44: 15355.48
A45: Chine | B45: CHN | C45: 12720.216
A46: Côte d'Ivoire | B46: CIV | C46: 2486.4122
A47: Cameroun | B47: CMR | C47: 1563.4889
A48: Congo, République démocratique du | B48: COD | C48: 653.65622
A49: Congo, République du | B49: COG | C49: 2649.225
A50: Colombie | B50: COL | C50: 6624.1654
A51: Comores | B51: COM | C51: 1484.8925
A52: Cabo Verde | B52: CPV | C52: 3754.3048
A53: Costa Rica | B53: CRI | C53: 13365.356
A54: Petits états des Caraïbes | B54: CSS | C54: 12639.705
A55: Cuba | B55: CUB
A56: Curacao | B56: CUW | C56: 20501.752
A57: Îles Caïmans | B57: CYM | C57: 99624.885
A58: Chypre | B58: CYP | C58: 32048.24
A59: République tchèque | B59: CZE | C59: 27226.616
A60: Allemagne | B60: DEU | C60: 48717.991
A61: Djibouti | B61: DJI | C61: 3136.1128
A62: Dominique | B62: DMA | C62: 8351.1932
A63: Danemark | B63: DNK | C63: 67790.054
A64: République dominicaine | B64: DOM | C64: 10111.246
A65: Algérie | B65: DZA | C65: 4342.638
A66: Asie de l’Est et Pacifique (hors revenu élevé) | B66: EAP | C66: 9954.2769
A67: de dividende précoce démographique | B67: EAR | C67: 4104.0859
... A73: Zone euro | B73: EMU | C73: 41036.233
A74: Érythrée | B74: ERI
A75: Espagne | B75: ESP | C75: 29674.544
A76: Estonie | B76: EST | C76: 28247.096
A77: Éthiopie | B77: ETH | C77: 1027.5859
A78: Union européenne | B78: EUU | C78: 37433.278
A79: Fragile et les situations de conflit touchées | B79: FCS | C79: 1870.3372
A80: Finlande | B80: FIN | C80: 50871.93
A81: Fidji | B81: FJI | C81: 5356.1644
A82: France | B82: FRA | C82: 40886.253
A83: Îles Féroé | B83: FRO | C83: 66979.277
A84: Micronésie, États fédérés de | B84: FSM | C84: 3713.9554
A85: Gabon | B85: GAB | C85: 8820.3473
A86: Royaume-Uni | B86: GBR | C86: 46125.256
... A88: Ghana | B88: GHA | C88: 2203.5589
A89: Gibraltar | B89: GIB
A90: Guinée | B90: GIN | C90: 1515.1679
A91: Gambie | B91: GMB | C91: 808.27828
A92: Guinée-Bissau | B92: GNB | C92: 775.82897
A93: Guinée équatoriale | B93: GNQ | C93: 7182.2654
A94: Grèce | B94: GRC | C94: 20867.269
A95: Grenade | B95: GRD | C95: 9689.0827
A96: Groenland | B96: GRL
A97: Guatemala | B97: GTM | C97: 5473.2086
A98: Guam | B98: GUM
A99: Guyana | B99: GUY | C99: 18199.475
A100: Revenu élevé | B100: HIC | C100: 49607.247
A101: Chine, RAS de Hong Kong | B101: HKG | C101: 48983.622
A102: Honduras | B102: HND | C102: 3040.173
A103: Pays pauvres très endettés (PPTE) | B103: HPC | C103: 1109.0143
A104: Croatie | B104: HRV | C104: 18570.404
A105: Haïti | B105: HTI | C105: 1748.2571
A106: Hongrie | B106: HUN | C106: 18390.185
A107: BIRD seulement | B107: IBD | C107: 7682.7909
A108: BIRD et IDA | B108: IBT | C108: 6007.3708
A109: IDA totale | B109: IDA | C109: 1534.0231
A110: IDA mélange | B110: IDB | C110: 1933.5565
... A112: IDA seulement | B112: IDX | C112: 1337.0132
A113: Île de Man | B113: IMN
A114: Inde | B114: IND | C114: 2410.888
A115: Non classifié | B115: INX
A116: Irlande | B116: IRL | C116: 103983.29
A117: Iran, République islamique d’ | B117: IRN | C117: 4669.5714
A118: Iraq | B118: IRQ | C118: 5937.1955
A119: Islande | B119: ISL | C119: 73466.779
A120: Israël | B120: ISR | C120: 54930.939
A121: Italie | B121: ITA | C121: 34776.423
A122: Jamaïque | B122: JAM | C122: 6047.2165
...

Sheet Metadata - Countries
A1: Country Name | B1: Country Code | C1: Region | D1: Income_Group
A2: Aruba | B2: ABW | D2: Revenu élevé
B3: AFE | D3: Agrégats
A4: Afghanistan | B4: AFG | C4: Asie du Sud | D4: Faible revenu
B5: AFW | D5: Agrégats
A6: Angola | B6: AGO | C6: Afrique subsaharienne (hors revenu élevé) | D6: Revenu intermédiaire, tranche inférieure
A7: Albanie | B7: ALB | C7: Europe et Asie centrale (hors revenu élevé) | D7: Revenu intermédiaire, tranche supérieure
A8: Andorre | B8: AND | D8: Revenu élevé
A9: Le monde arabe | B9: ARB | D9: Agrégats
A10: Émirats arabes unis | B10: ARE | D10: Revenu élevé
A11: Argentine | B11: ARG | C11: Amérique latine et Caraïbes (hors revenu élevé) | D11: Revenu intermédiaire, tranche supérieure
A12: Arménie | B12: ARM | C12: Europe et Asie centrale (hors revenu élevé) | D12: Revenu intermédiaire, tranche supérieure
A13: Samoa américaines | B13: ASM | D13: Revenu élevé
A14: Antigua-et-Barbuda | B14: ATG | D14: Revenu élevé
A15: Australie | B15: AUS | D15: Revenu élevé
A16: Autriche | B16: AUT | D16: Revenu élevé
A17: Azerbaïdjan | B17: AZE | C17: Europe et Asie centrale (hors revenu élevé) | D17: Revenu intermédiaire, tranche supérieure
A18: Burundi | B18: BDI | C18: Afrique subsaharienne (hors revenu élevé) | D18: Faible revenu
A19: Belgique | B19: BEL | D19: Revenu élevé
A20: Bénin | B20: BEN | C20: Afrique subsaharienne (hors revenu élevé) | D20: Revenu intermédiaire, tranche inférieure
A21: Burkina Faso | B21: BFA | C21: Afrique subsaharienne (hors revenu élevé) | D21: Faible revenu
A22: Bangladesh | B22: BGD | C22: Asie du Sud | D22: Revenu intermédiaire, tranche inférieure
A23: Bulgarie | B23: BGR | C23: Europe et Asie centrale (hors revenu élevé) | D23: Revenu intermédiaire, tranche supérieure
A24: Bahreïn | B24: BHR | D24: Revenu élevé
A25: Bahamas | B25: BHS | D25: Revenu élevé
A26: Bosnie-Herzégovine | B26: BIH | C26: Europe et Asie centrale (hors revenu élevé) | D26: Revenu intermédiaire, tranche supérieure
A27: Bélarus | B27: BLR | C27: Europe et Asie centrale (hors revenu élevé) | D27: Revenu intermédiaire, tranche supérieure
A28: Belize | B28: BLZ | C28: Amérique latine et Caraïbes (hors revenu élevé) | D28: Revenu intermédiaire, tranche supérieure
A29: Bermudes | B29: BMU | D29: Revenu élevé
A30: Bolivie | B30: BOL | C30: Amérique latine et Caraïbes (hors revenu élevé) | D30: Revenu intermédiaire, tranche inférieure
A31: Brésil | B31: BRA | C31: Amérique latine et Caraïbes (hors revenu élevé) | D31: Revenu intermédiaire, tranche supérieure
A32: Barbade | B32: BRB | D32: Revenu élevé
A33: Brunéi Darussalam | B33: BRN | D33: Revenu élevé
A34: Bhoutan | B34: BTN | C34: Asie du Sud | D34: Revenu intermédiaire, tranche inférieure
A35: Botswana | B35: BWA | C35: Afrique subsaharienne (hors revenu élevé) | D35: Revenu intermédiaire, tranche supérieure
A36: République centrafricaine | B36: CAF | C36: Afrique subsaharienne (hors revenu élevé) | D36: Faible revenu
A37: Canada | B37: CAN | D37: Revenu élevé
A38: Europe centrale et les pays baltes | B38: CEB | D38: Agrégats
A39: Suisse | B39: CHE | D39: Revenu élevé
A40: Îles Anglo-Normandes | B40: CHI | D40: Revenu élevé
A41: Chili | B41: CHL | D41: Revenu élevé
A42: Chine | B42: CHN | C42: Asie de l’Est et Pacifique (hors revenu élevé) | D42: Revenu intermédiaire, tranche supérieure
A43: Côte d'Ivoire | B43: CIV | C43: Afrique subsaharienne (hors revenu élevé) | D43: Revenu intermédiaire, tranche inférieure
A44: Cameroun | B44: CMR | C44: Afrique subsaharienne (hors revenu élevé) | D44: Revenu intermédiaire, tranche inférieure
A45: Congo, République démocratique du | B45: COD | C45: Afrique subsaharienne (hors revenu élevé) | D45: Faible revenu
A46: Congo, République du | B46: COG | C46: Afrique subsaharienne (hors revenu élevé) | D46: Revenu intermédiaire, tranche inférieure
A47: Colombie | B47: COL | C47: Amérique latine et Caraïbes (hors revenu élevé) | D47: Revenu intermédiaire, tranche supérieure
A48: Comores | B48: COM | C48: Afrique subsaharienne (hors revenu élevé) | D48: Revenu intermédiaire, tranche inférieure
A49: Cabo Verde | B49: CPV | C49: Afrique subsaharienne (hors revenu élevé) | D49: Revenu intermédiaire, tranche inférieure
A50: Costa Rica | B50: CRI | C50: Amérique latine et Caraïbes (hors revenu élevé) | D50: Revenu intermédiaire, tranche supérieure
A51: Petits états des Caraïbes | B51: CSS | D51: Agrégats
A52: Cuba | B52: CUB | C52: Amérique latine et Caraïbes (hors revenu élevé) | D52: Revenu intermédiaire, tranche supérieure
A53: Curacao | B53: CUW | D53: Revenu élevé
A54: Îles Caïmans | B54: CYM | D54: Revenu élevé
A55: Chypre | B55: CYP | D55: Revenu élevé
A56: République tchèque | B56: CZE | D56: Revenu élevé
A57: Allemagne | B57: DEU | D57: Revenu élevé
A58: Djibouti | B58: DJI | C58: Afrique du Nord et Moyen-Orient (hors revenu élevé) | D58: Revenu intermédiaire, tranche inférieure
A59: Dominique | B59: DMA | C59: Amérique latine et Caraïbes (hors revenu élevé) | D59: Revenu intermédiaire, tranche supérieure
A60: Danemark | B60: DNK | D60: Revenu élevé
A61: République dominicaine | B61: DOM | C61: Amérique latine et Caraïbes (hors revenu élevé) | D61: Revenu intermédiaire, tranche supérieure
A62: Algérie | B62: DZA | C62: Afrique du Nord et Moyen-Orient (hors revenu élevé) | D62: Revenu intermédiaire, tranche inférieure
A63: Asie de l’Est et Pacifique (hors revenu élevé) | B63: EAP | D63: Agrégats
A64: de dividende précoce démographique | B64: EAR | D64: Agrégats
A65: Asie de l’Est et Pacifique | B65: EAS | D65: Agrégats
A66: Europe et Asie centrale (hors revenu élevé) | B66: ECA | D66: Agrégats
A67: Europe et Asie centrale | B67: ECS | D67: Agrégats
A68: Équateur | B68: ECU | C68: Amérique latine et Caraïbes (hors revenu élevé) | D68: Revenu intermédiaire, tranche supérieure
A69: Égypte, République arabe d’ | B69: EGY | C69: Afrique du Nord et Moyen-Orient (hors revenu élevé) | D69: Revenu intermédiaire, tranche inférieure
A70: Zone euro | B70: EMU | D70: Agrégats
A71: Érythrée | B71: ERI | C71: Afrique subsaharienne (hors revenu élevé) | D71: Faible revenu
A72: Espagne | B72: ESP | D72: Revenu élevé
A73: Estonie | B73: EST | D73: Revenu élevé
A74: Éthiopie | B74: ETH | C74: Afrique subsaharienne (hors revenu élevé) | D74: Faible revenu
A75: Union européenne | B75: EUU | D75: Agrégats
A76: Fragile et les situations de conflit touchées | B76: FCS | D76: Agrégats
A77: Finlande | B77: FIN | D77: Revenu élevé
A78: Fidji | B78: FJI | C78: Asie de l’Est et Pacifique (hors revenu élevé) | D78: Revenu intermédiaire, tranche supérieure
A79: France | B79: FRA | D79: Revenu élevé
A80: Îles Féroé | B80: FRO | D80: Revenu élevé
A81: Micronésie, États fédérés de | B81: FSM | C81: Asie de l’Est et Pacifique (hors revenu élevé) | D81: Revenu intermédiaire, tranche inférieure
A82: Gabon | B82: GAB | C82: Afrique subsaharienne (hors revenu élevé) | D82: Revenu intermédiaire, tranche supérieure
A83: Royaume-Uni | B83: GBR | D83: Revenu élevé
A84: Géorgie | B84: GEO | C84: Europe et Asie centrale (hors revenu élevé) | D84: Revenu intermédiaire, tranche supérieure
A85: Ghana | B85: GHA | C85: Afrique subsaharienne (hors revenu élevé) | D85: Revenu intermédiaire, tranche inférieure
A86: Gibraltar | B86: GIB | D86: Revenu élevé
A87: Guinée | B87: GIN | C87: Afrique subsaharienne (hors revenu élevé) | D87: Revenu intermédiaire, tranche inférieure
A88: Gambie | B88: GMB | C88: Afrique subsaharienne (hors revenu élevé) | D88: Faible revenu
A89: Guinée-Bissau | B89: GNB | C89: Afrique subsaharienne (hors revenu élevé) | D89: Faible revenu
A90: Guinée équatoriale | B90: GNQ | C90: Afrique subsaharienne (hors revenu élevé) | D90: Revenu intermédiaire, tranche supérieure
A91: Grèce | B91: GRC | D91: Revenu élevé
A92: Grenade | B92: GRD | C92: Amérique latine et Caraïbes (hors revenu élevé) | D92: Revenu intermédiaire, tranche supérieure
A93: Groenland | B93: GRL | D93: Revenu élevé
A94: Guatemala | B94: GTM | C94: Amérique latine et Caraïbes (hors revenu élevé) | D94: Revenu intermédiaire, tranche supérieure
A95: Guam | B95: GUM | D95: Revenu élevé
A96: Guyana | B96: GUY | D96: Revenu élevé
A97: Revenu élevé | B97: HIC | D97: Agrégats
A98: Chine, RAS de Hong Kong | B98: HKG | D98: Revenu élevé
A99: Honduras | B99: HND | C99: Amérique latine et Caraïbes (hors revenu élevé) | D99: Revenu intermédiaire, tranche inférieure
A100: Pays pauvres très endettés (PPTE) | B100: HPC | D100: Agrégats
...

Sheet Metadata - Indicators
A1: INDICATOR_CODE | B1: INDICATOR_NAME | C1: SOURCE_NOTE | D1: SOURCE_ORGANIZATION
A2: EN.ATM.CO2E.KD.GD | B2: Émissions de CO2 (kg par $ US de 2010 de PIB) | C2: Les émissions de dioxyde de carbone sont celles qui émanent lors de la combustion de combustibles fossiles et de la fabrication de ciment. Elles comprennent les émissions de dioxyde de carbone produites lors de la consommation de combustibles solides, liquides et gazeux et de torchage. | D2: Centre d'analyse des informations relatives au dioxyde de carbone, division des sciences de l'environnement, Oak Ridge National Laboratory, Tennessee, États-Unis.
